test_scores,D,earnings
65.52482530397066,1,175.37774041010243
44.0477360551547,0,80.13518785913365
64.73826248648145,1,146.93254138738575
86.41903480564025,1,184.58911396540464
24.237007560490735,0,56.03592483255011
3.3854700530025426,0,21.55434465193837
65.73227388859237,1,123.36132835845137
23.609374899069874,0,75.06168368652274
48.441689478083326,0,100.85811275254885
44.783253262829135,0,85.47608819687802
73.30532845156489,1,201.79021094895813
63.99987162223968,1,167.56718938643849
19.56195408623299,0,27.967271476675922
20.454508717732224,0,58.37073038452417
39.84184264449746,0,72.35670816749604
0,0,28.91840371620307
2.2464543615515495,0,20.580576643131224
34.29189344930196,0,55.80323821675061
66.02551088785808,1,175.19789090640992
87.12863299945407,1,192.82634092614197
56.187913256197774,1,178.8824771860399
63.82066430923133,1,168.0821555573181
57.20887936583661,1,127.25125177705232
40.685659459753666,0,87.09460776772119
32.51114240197491,0,66.62056936545126
0,0,59.78988268785056
98.15893763288028,1,226.51752870055776
28.643755660823224,0,54.05888248313567
55.87712700976168,1,131.34171367589605
52.01032616121344,1,181.46237438023934
52.13194696609531,1,147.81952825393404
53.197637812504404,1,94.00273167990656
77.70654246418454,1,204.7407622360679
81.53037349660214,1,226.19622370326516
44.75560921587385,0,96.04976114902203
83.39196541861135,1,169.2821331969215
57.92300519845811,1,136.6644922920244
51.04022603895875,1,139.1946240406533
62.50809071240535,1,157.61710191164457
66.48736348249506,1,145.82396911157036
14.570455032210099,0,41.78978062437424
74.86534686787641,1,213.5406437106749
67.9065260919684,1,131.74772762725667
98.11849152745565,1,231.68061728663176
52.42081260568064,1,149.50960039134986
52.82324739500363,1,131.09537647542362
69.73185769370815,1,165.51765394169138
37.388711450862296,0,72.37299289578911
46.63632282372532,0,74.31542006743086
31.746900031711498,0,96.34299219805335
68.41784968907253,1,181.3158030393802
0,0,25.910489781640074
39.09537992542067,0,80.3243631276309
51.76003410181279,1,158.53242502008348
30.867161602097873,0,47.23868072116627
64.26458383981277,1,132.5258898050451
66.72662650770398,1,171.5978339920839
57.62373159711254,1,141.22461187768792
24.242894333575656,0,95.50217870830404
79.44102738862544,1,167.13257847790666
46.726963994055424,0,118.6501490927222
51.08384543479087,1,176.73894137874998
65.68146321477984,1,176.19291873544125
36.924593187969364,0,89.37210398076002
73.33157827617306,1,184.07345119872502
55.73410033710699,1,144.44690594229473
75.37495767157786,1,156.64541834437384
19.889145124553366,0,58.05192984781729
16.987114380420735,0,45.99284748767672
47.171507825518425,0,89.30585897163468
2.7445036114652552,0,22.21217390897967
45.52226534611928,0,73.4551089439775
98.00459399466416,1,221.22113222264454
81.74408685337255,1,166.849290433445
61.82012538190154,1,154.1065843381087
85.31993891218069,1,169.68056058776534
58.16847151736836,1,153.8038777887083
46.70171691050352,0,93.07172662268437
76.21491006469384,1,192.14503064640246
5.586865006415202,0,43.71789183032536
29.629170868812675,0,50.314047290109556
24.52986130839664,0,46.82606731497478
63.88693141198728,1,182.7754779128568
98.69190231157019,1,210.87513794548045
52.53829181344493,1,135.43305369565138
69.17496361345655,1,189.86742708866876
59.0599324594995,1,172.56344057500564
35.85860461873621,0,98.83390471876952
56.305283611153634,1,138.862993865538
45.86402002642874,0,95.78355789805664
49.446662068013154,0,92.1577153755939
6.900008072521494,0,61.20182377154389
84.69193510002074,1,207.79365731304304
86.55451374234065,1,159.5853507367257
67.68623201659678,1,176.21223518704767
9.247051862290412,0,35.38680697177704
43.99154558872076,0,68.79831946283954
24.71330457844904,0,63.63376360164517
35.20015522996489,0,96.11802545823696
45.53565798589637,0,107.60399603374779
0,0,31.938971429935474
0,0,1.4247699992741545
39.482579750997516,0,107.81159555356066
59.15826270075158,1,98.23954123269449
57.307744640955576,1,175.5951619628976
21.038884673995202,0,24.439566897450206
91.78749326566907,1,175.09854689212762
37.993911983075094,0,46.70891049705456
28.68650130321307,0,73.95135203040417
42.49448772322654,0,131.27712115585638
46.730433829425095,0,152.17694944331322
45.879741430178754,0,85.9560241626035
48.33643308717318,0,74.46688511089224
45.66434847753288,0,107.66369021936212
55.43901449330477,1,173.62456357419526
34.6877407184822,0,78.82526231305208
66.54555942407944,1,149.13029564429667
35.40814739622944,0,75.79515226595835
40.490533321755336,0,113.05870721319454
61.07168860544029,1,131.49574136330688
24.342988743077292,0,48.413993465424966
82.8056731882414,1,173.55650337046944
82.40469233816535,1,202.9216010147952
55.731035786081996,1,133.06411632811395
28.426481355838902,0,27.6815351043578
80.24099273908334,1,158.73663221326046
55.19015737795554,1,155.03956987115274
3.403080450559507,0,45.49013268150083
37.967489505317516,0,97.23586965481627
57.37861555452696,1,151.9497041413132
33.51692495575182,0,84.74879544432184
25.180694065965525,0,78.90811613224577
59.06340871944533,1,136.61360188592002
40.540075450927475,0,101.58863923942178
67.22884654359436,1,138.84561854138946
48.49755598590414,0,117.78891909448842
50.8893318503235,1,177.6061894668744
46.67059130512993,0,85.15598338567969
21.986259384817362,0,71.72513241621941
17.457421967549408,0,40.34558747963067
36.91165998797662,0,87.56112002842708
23.853807192819744,0,100.09198201173328
57.84901210361554,1,167.31632401081035
43.345471070578434,0,86.06798279910826
56.140246182316005,1,167.4143642673723
57.358426368041684,1,154.18107871655351
80.9321663438418,1,165.84958968901554
39.010687001335334,0,92.8424959065813
48.839579176127586,0,33.473049529519585
42.79859310310173,0,68.45958864504829
52.614727744048565,1,156.84853590069704
52.45292260004339,1,120.21875169440112
50.924752872149384,1,178.61230997587955
31.037191203107074,0,79.87364404497492
53.598640646457945,1,145.92647479569888
93.71474076246346,1,232.48980850676872
38.96317429630483,0,117.10624338281346
29.5805039827918,0,69.45877172977526
34.41128774529661,0,41.44883942372694
65.70455723959918,1,174.32094085368269
29.45614111509461,0,85.39193960258817
81.34305746036964,1,189.92887675067664
18.10886442891218,0,47.92949792280501
43.73639370301006,0,107.98673811902356
17.536735511243194,0,49.97211857827636
50.10628628968631,1,156.20633299197195
66.65377994419143,1,175.65618312463653
48.448193256691994,0,94.41759995897382
53.87274997093758,1,148.17459278254066
58.97820206428713,1,156.82866886958368
61.448573619882936,1,136.26871160562405
48.20057762332225,0,104.78244258774016
34.6262174998592,0,62.13694462950496
52.3660818618859,1,188.2486422411103
56.994995018180454,1,157.08031405365043
71.78155570226696,1,176.23091484011812
21.101987092455122,0,50.15617774255671
11.325934881549365,0,32.748329394230225
64.59330873725978,1,154.95518899274802
30.930658396975208,0,50.85178442085034
35.233811555851986,0,77.20863052836327
36.947142794115564,0,91.70129882367573
63.064298942337416,1,162.68046612627458
25.04588121705028,0,38.445857744543545
93.9262194061637,1,211.2184577041087
4.010027923786588,0,6.094874388697033
55.46175993297184,1,139.71020817025587
15.69739534652927,0,13.72582719118472
30.743080984004894,0,49.1718430940042
19.152122773358837,0,49.67200522134946
49.441921762156525,0,83.68322752726077
53.00605987879033,1,108.92695244990028
39.443500156580654,0,78.28826248651876
83.32438485572325,1,175.1622991056041
16.628905817156884,0,65.18954018977794
62.83075391217995,1,151.22556826998573
52.28037605371214,1,119.70637149252542
35.86972538365415,0,90.91235025939783
50.708827511808664,1,156.44224643003682
68.08418790958576,1,186.1200932360076
83.88165822453973,1,185.61359788341312
70.68529334894133,1,176.58436484475942
57.56297272923469,1,185.2323919113236
81.5058405553228,1,179.1072155633172
37.16975049459041,0,75.64288285970129
10.400119368661393,0,14.329589261760823
85.22831083617277,1,202.14512203137048
15.636062244864505,0,71.88957348041681
0,0,33.73503942737687
60.278143622050486,1,119.14308857158278
63.20567866829877,1,137.20864110939843
6.421779520510782,0,27.16296447713488
55.401817780597405,1,144.7125045668892
83.90993970579714,1,166.58153597592843
25.94652176822099,0,73.66117734462817
61.72379261597471,1,173.27865265328398
25.629885510145343,0,38.14535616927474
81.01691763770226,1,164.24870022541552
15.42948723353522,0,61.301296750363726
38.252332181034035,0,83.86672039115304
45.38023602323023,0,100.25281590933125
79.30303522930402,1,210.58547482711435
48.047897091224996,0,82.97834090722138
31.802014333746133,0,101.45413661548436
37.73826473079062,0,119.93188683711948
66.44974892871022,1,148.29997811948118
76.19937506550741,1,208.9204926550284
61.56473497688886,1,212.45781564775814
63.50639574103282,1,165.84970834008033
12.596647422604654,0,6.013229363955354
9.507861261043587,0,37.566768524327955
63.578722288479895,1,162.98744772526868
50.70235128742269,1,176.9671644810125
50.844475209936284,1,118.66434934504247
18.26583961001575,0,38.35800460741882
41.93847048572682,0,94.29265791774255
27.502385670835913,0,66.74965150519624
59.05953237405184,1,165.96871908957993
83.02267184585872,1,158.3998108804875
27.003714554113856,0,47.496976852624165
63.88273588471773,1,178.864231730155
39.06768524864904,0,54.15690225825202
68.46850651078073,1,140.77095812569274
79.55057712051634,1,166.65475921798236
53.71805332787587,1,115.67225760120863
24.500713649845252,0,64.25945925786793
0,0,11.334798906718202
39.60117600626018,0,77.31984498898191
67.77565347364018,1,161.2161961617741
43.14354192333994,0,65.08762632871722
80.66892592216355,1,160.0116778536533
41.72189051142419,0,82.38811096293442
38.556405761523564,0,99.71627255726516
97.07530050337417,1,235.1058934729569
68.68180211089268,1,168.2574593335444
53.69704944933146,1,149.52764350722947
18.0200323070654,0,59.091022219767844
58.006536097606414,1,153.58116584473314
62.92162226349413,1,178.02233019800855
47.80567281546466,0,63.488602632616534
76.02306664761326,1,195.10325035877491
64.76688454914536,1,199.8753704405146
57.81072334230485,1,137.07758408781825
77.56972636882493,1,212.76820261486196
93.04137035231976,1,176.59825238936605
16.960619619235146,0,51.938597797135905
27.594571865096697,0,76.84676015878301
11.259271803389794,0,28.946815865312928
39.92548900244278,0,71.94339967737784
59.64157800508409,1,126.15792650685887
89.92945714699769,1,222.63812277020557
28.562859235708135,0,74.78661616925572
33.01614997520788,0,58.3721133156411
90.80395592939651,1,209.69224244584836
30.724436236303543,0,68.83523988786013
46.1142933662986,0,111.45933807106147
47.69086666575945,0,102.73752516511104
53.37696886642679,1,159.7535671870001
44.79399872982409,0,105.22290639794923
44.206479722209274,0,81.50079105142618
73.22373407945486,1,175.9007264679554
15.657836480688722,0,38.101062573852964
35.80959859802931,0,58.9848458842202
70.25142131148154,1,170.88651743089204
48.356503473084466,0,107.19347482192669
32.21905093332811,0,98.49058393877763
9.54807824431336,0,37.079754913991486
49.91737713365006,0,89.22256488760853
64.15315602052574,1,115.89009413447884
69.94804332477771,1,174.19325765213466
26.405408866140228,0,43.96751548498665
55.20192128347081,1,142.6911088539163
41.92319586267836,0,115.83718919516383
51.07786252059635,1,131.43319349234997
52.23312424944348,1,153.15209734252002
50.16523852772013,1,138.5027654627168
44.459394181849085,0,63.506907276820115
8.695177024217784,0,14.363603221808237
41.558859566809204,0,100.86328954677364
44.86610188173672,0,106.14644322604003
48.09804812589364,0,103.23053897120822
63.88220415980889,1,151.15710019955176
59.89658710521474,1,124.5502800151239
34.554869636251,0,83.7356592890501
14.896191724239763,0,59.91346689912518
98.03861094526519,1,184.22461547727895
35.69390795825373,0,89.66743641896095
69.49825275285431,1,140.8494899314897
90.02451855839794,1,186.75029587265126
67.20235877656663,1,149.29452432365568
51.46685268643542,1,114.28727231849322
32.85788757995016,0,34.136666357046465
45.40314142963188,0,117.18089567913765
32.408095433060275,0,63.496458936555634
58.38348274860258,1,165.29063293639956
60.54449195303563,1,160.3290539801773
27.27910484968457,0,54.92510642619985
40.34404944791639,0,89.78719942897384
14.90875838896089,0,43.45208340732194
52.802992754660266,1,166.47405890353446
39.98560258524088,0,77.98093474498025
50.844583808327435,1,124.87451655290968
37.087614980475806,0,163.47629718407364
27.23245930084204,0,91.56046550679746
22.671212136329146,0,68.5303026593513
10.10657252010045,0,47.695943957326925
77.34413176142635,1,220.84727109132825
41.81673593382659,0,107.23138174286208
49.70817146917061,0,86.93011718975438
69.2951882740812,1,134.18888628431998
54.877983559731334,1,127.05128089922057
10.942517619629179,0,47.07124306345152
55.96450013958446,1,169.0557510492326
63.287511777580775,1,180.53198956137487
66.09651127163362,1,182.3855621104073
53.3074280291059,1,132.83319499886562
73.59738361211558,1,169.36406496361028
62.631076730336275,1,166.40281503531799
46.98174466722304,0,85.0724761947787
0,0,23.091960990905058
97.0129414510061,1,202.69617963159402
18.811117644485837,0,57.90245508301782
39.19712707760385,0,69.7608136214032
54.7106921518826,1,153.67038281798648
19.82703640080382,0,47.74976012157151
35.83747540859482,0,76.98346821016318
75.13260212795976,1,180.60311463714808
76.61624899000009,1,193.71850852204875
15.172458876346575,0,65.62387873433141
42.33738403840279,0,101.96272096665632
61.90338425895683,1,118.64631237522366
46.16632001049158,0,70.60671119438486
40.65548040747421,0,69.4924544393121
46.23518013473635,0,108.17031076109869
6.429971433263383,0,30.647747502544682
44.007110241709796,0,105.18723035292935
4.147943810089629,0,59.782746414216305
27.8116012330776,0,75.98613545344955
9.788905851322454,0,26.978331637786283
55.86995513755778,1,136.33965376165992
54.415145894928905,1,169.59136146016567
55.24333159803519,1,148.23185422301344
65.65463620369893,1,151.25253035069366
3.8091312143526324,0,17.559261125738956
35.43675266245825,0,51.27060088401507
38.500565509719756,0,87.91167334922916
48.51792174993378,0,108.24056860681578
68.41433700813596,1,161.13215644052883
18.600632111942872,0,75.47545047965306
55.957086188060856,1,128.98869179608963
5.044515615779133,0,37.33943823446607
33.61277021595913,0,92.32411440342048
68.33098291182617,1,191.91427130918052
79.89743041285837,1,155.78432015485487
13.493902184824016,0,50.65974805466685
49.34720089605216,0,90.92000693158404
67.6721033619668,1,165.88975958431652
50.546174313149564,1,107.83081252377946
67.95638583888488,1,191.81976679012004
32.26861844981278,0,96.19692293185922
61.956550639858335,1,171.28654049455082
43.875243645998175,0,75.55503721156671
58.94163400663764,1,102.63524236143559
67.50192669396623,1,137.49365822920336
62.88365996631242,1,133.51960070505294
72.16039125256145,1,168.5087186432935
27.373554037958904,0,101.06116841917378
56.70232212732029,1,156.31560049519373
31.581787752702702,0,44.12289909803231
58.104181977154035,1,149.52084821981265
37.15339694480281,0,103.32107747677816
53.92851363954648,1,154.27452851437587
80.45085297382768,1,184.29356632714646
51.568321649383435,1,127.61761003660784
46.802321480648246,0,103.95959944803641
34.097930091055645,0,109.2022915049309
90.26479644108053,1,188.4790401567476
52.73740338017555,1,134.2501271780808
85.29686973548888,1,185.17740483120315
45.39933712751871,0,75.47265899647745
96.76070764337925,1,193.58961319739973
20.126713841028486,0,47.01575139515769
45.956739208892415,0,111.8286141427618
83.060361605291,1,173.4652883863717
58.77829299802684,1,212.72817469469288
44.3731434143231,0,97.02139260768473
54.26329053415695,1,149.5720407657508
58.95307221049623,1,124.12296016800332
23.176583973846622,0,46.7550621821121
62.98229462174316,1,165.52138287681387
38.64953751128923,0,76.47798405167251
89.07624803973832,1,181.59780522415286
87.46881017483027,1,195.60249845401208
43.2966377693689,0,104.51912614434963
10.991406938768584,0,30.15443757499036
54.16059251699017,1,171.47442971190472
6.91134925952047,0,22.476672394422838
45.89261299496411,0,105.84318797777709
77.71825864433225,1,219.16301115847008
90.7698473086154,1,231.6303614892329
25.001571048679054,0,72.05265658699662
96.13034504704021,1,186.47125795090966
36.6894146339983,0,70.58617009226083
19.45662645177112,0,45.64346545322775
48.134649769022616,0,105.10325136547394
44.999748532358645,0,93.73338507612837
85.68590879475755,1,195.0979066893508
51.994409148654185,1,145.50098639117954
50.33835957478439,1,137.63303413747326
47.72716903086126,0,90.45539376947244
25.406681257721914,0,52.043376824100754
98.45736731610153,1,234.52438384232715
60.23362153896145,1,172.18359139471954
41.36636036224872,0,88.0381585769798
76.80740313650111,1,176.13334997143923
91.74879230068545,1,175.7496958981476
74.26575395509745,1,207.55910227600643
3.946411351636989,0,13.087845642065584
46.05408107973794,0,96.5666055829394
76.58739257120948,1,171.44654488750618
88.08935047853177,1,209.47811205733154
71.90449021120381,1,134.82539102131142
43.46173220535266,0,123.74561449270749
56.652601369916624,1,150.89370885832778
39.05327385870827,0,78.54001577756527
18.624123497871047,0,71.17521603488228
49.91381181633319,0,88.04482390398843
17.272170724675853,0,64.54751374092658
52.688140218887774,1,135.37012644007868
0.21421282564518407,0,1.7424338234961887
69.64966973959676,1,153.84032526354216
68.44896604077948,1,185.9461801189081
27.870890986412462,0,60.295654339362905
30.172394950514718,0,75.01988952604353
70.40703990598271,1,173.60628622558468
50.81151740949148,1,131.007943644746
15.19268039555184,0,63.84490580355583
84.84356167632293,1,196.10930264578985
60.69801462741114,1,178.70408131887598
56.329872511006215,1,152.54969034556308
45.14218608262401,0,94.93702173427626
46.382040211087116,0,49.59662540459412
57.32218942675582,1,119.50738162214796
46.3711016700244,0,111.18952483933019
56.00427447335607,1,150.95828009432563
33.96550270000556,0,60.50208953827575
41.51818268100122,0,84.37921992682007
23.719911856996774,0,70.19930704056799
62.0061847212735,1,125.27294659034496
56.2044325104409,1,165.163096187375
50.888731650242676,1,157.79876396547104
43.74524945897897,0,91.92482486330404
2.11729265121717,0,5.7316497058411215
10.378404716517906,0,21.51529255294573
0,0,33.45909883975867
0.489632765925343,0,8.952828763856662
43.905667288828866,0,101.4463845444723
36.345862719742726,0,84.60062692857727
73.95645562831297,1,200.05166007527438
76.89510634047355,1,187.30462592744752
86.01879148759956,1,205.13891021741813
18.843204085379167,0,73.2338510836384
76.73578176652143,1,191.12684308200963
70.89158361842419,1,155.3481027977716
0,0,34.261954411654685
82.33163462574237,1,183.38182524284272
18.372155292752158,0,53.92517066147036
20.784133549448434,0,36.51248999161577
35.209535706936606,0,95.90985864152407
63.079596431149696,1,123.00486181595984
39.84766788418159,0,70.6216898055197
63.20326123155489,1,154.90641051649473
5.795271368396676,0,30.49004094337918
83.40607137056097,1,202.9636692507195
62.926713855595935,1,139.99611108080668
31.134799770192462,0,29.74294490980496
56.69883395668699,1,136.38401977672237
37.529253241207606,0,53.68049408399525
15.477285399525528,0,47.24944394443114
56.46786916817239,1,189.81477349389746
68.02185138250637,1,216.2342235791577
93.11502985796523,1,162.10199073961547
36.998167745883634,0,56.49837841647853
67.25781329605523,1,144.33936564376523
59.58572568272579,1,148.2180265735261
62.25960205298646,1,151.54914884238565
0,0,47.50187232378079
94.51431300835523,1,210.26986939034006
54.751465092690395,1,138.1179277032814
68.32233522783025,1,126.31189235549911
44.71830005394124,0,96.47609267601514
28.96017147536586,0,46.20377179361793
85.41542759574801,1,194.1963428074209
82.29061724127483,1,183.4981079886642
91.70711871729998,1,158.7372356915763
68.72661091665748,1,163.27354448034762
24.092158752986364,0,66.1348156833944
51.188316075079236,1,139.30567794523114
58.40740951637058,1,167.74459519989986
56.49311841709572,1,148.6726989346629
35.59900244127925,0,63.151262730465625
60.8731469455884,1,159.10710617375665
61.17716960981901,1,167.43082491397115
34.72427785281577,0,106.29798556903646
35.54677466145422,0,85.90919337159906
18.00992233823142,0,65.41436059324177
79.91490854324012,1,191.5217134539862
66.55478210927721,1,165.84392549341928
45.81498798260032,0,89.2432273219097
64.43353351775619,1,174.45631935210304
27.995960613445085,0,63.401052738618034
66.08479771984587,1,164.135657441499
49.91859652546663,0,102.51190084853198
19.498916714040043,0,44.56774666782199
34.47984209216625,0,56.198276131909445
54.33482794715275,1,152.18421985433903
52.4132384209819,1,156.60016803922917
67.4883224547184,1,199.92920649307865
25.29697452555916,0,69.29851213834606
61.33113678370524,1,135.41318166391645
49.2725258724933,0,109.2941987221491
50.106332671715094,1,116.94637739761126
61.43742016673605,1,154.74954548806235
87.13338966757044,1,216.1405175452558
9.896471128654213,0,24.27884666758756
18.592770911396904,0,102.43128306166469
28.76378864129485,0,49.627915863374795
43.690448966835405,0,109.55192159225857
61.321958379256415,1,151.33874480601693
59.178027640670244,1,155.81055498254264
64.87842186504605,1,175.7055435981827
20.861231024622796,0,75.42656462036769
99.30117717376588,1,208.61390767766648
49.54825481084045,0,69.63493195924431
68.37292120759297,1,159.70717640093753
40.19173924717476,0,95.32153380357104
33.46112784713428,0,75.73458688468561
74.16434878062695,1,213.81629098992352
68.27471011647017,1,209.65917991975158
48.869181285253646,0,119.90607727668191
53.03452890292214,1,147.55260347912505
27.472796242622948,0,71.2018716923646
47.018026105840846,0,69.6482612467736
74.96407143266406,1,136.119271623817
65.50278743051152,1,171.52942527444884
45.36146391297132,0,118.87447537439137
9.263871636730407,0,27.85302289743855
68.95131304145586,1,157.5397229396264
16.0833213343561,0,71.09186722860758
45.266500259139264,0,96.08970526703625
43.548988202057316,0,96.67843294938078
53.64094086379155,1,147.58934591006155
43.99821217549814,0,95.79619103567721
19.678046564242894,0,62.02804163534439
43.28823361031063,0,140.46497901306617
10.323284089390604,0,31.38113577555154
22.823876077843142,0,89.25070426997198
17.05446091026743,0,16.272586440948068
51.79167055532737,1,140.09798016859577
31.66237984678533,0,64.84817749875772
53.01237569543312,1,152.97228408378552
50.11047881721409,1,121.62732023551887
68.24955774731582,1,174.713778623288
67.03787624717978,1,162.78387281767476
36.77603567027102,0,38.814612289140534
48.93377065907567,0,86.91623171327451
57.51473777487959,1,173.3778201989242
46.864160757067594,0,92.39671306711091
53.45078260307974,1,94.22676658533743
71.03584196714186,1,181.56982216099792
71.08700175179584,1,167.49984871311761
6.563529214925943,0,14.139326153638791
98.68554136953588,1,223.57212251384976
67.98989171248151,1,150.67198667740806
25.843025859489828,0,74.62840186770032
51.77979370069147,1,126.80550969005665
46.089452067834586,0,114.05536837999583
47.4361844818178,0,74.49716660367459
39.069749423683945,0,65.93296582442707
40.07425341728289,0,81.76213488526652
17.770681373986903,0,29.608991385383653
62.05296277733785,1,166.82420410735227
51.8130000862961,1,143.64369237649964
52.22526924258926,1,183.26834836293472
89.80732806830756,1,209.36313557579484
24.20816733042316,0,30.95790125808557
33.21824010630368,0,60.52793738199506
29.095964308221888,0,74.54664212453922
59.08467644411044,1,173.86282153447897
55.68300107540044,1,162.43344765043003
46.39303655062516,0,111.66577670742342
69.21342399589048,1,167.56267465525139
36.037001074680276,0,91.97589376566009
40.869679112308035,0,89.88200085718539
47.136620494679384,0,91.15259963589165
86.9397416509573,1,236.26511093665295
68.27372882764998,1,164.80534530544332
53.80713651653054,1,194.8519262797269
11.554574010280966,0,74.8611986154962
80.7349997000413,1,188.16584840220668
32.429724986981796,0,75.26989568150309
37.94694139790257,0,81.99591150154271
94.3827882074922,1,199.33878785017515
41.29650648574221,0,55.103109887547475
29.852505690966378,0,58.94198558090849
67.47593678656614,1,150.6820345418043
46.232319526621836,0,111.97499554739062
15.005105859277037,0,72.21477379220312
83.89644000770896,1,198.05917802314863
30.302081129839927,0,50.45988253660006
37.83810511655943,0,95.49668105435204
44.764262428854366,0,97.12297824219534
50.209434834505295,1,105.48911768192824
83.18331280522618,1,208.93556653710652
38.81804832669071,0,58.73927661015972
23.939017894352187,0,37.68231534986514
64.04823264463967,1,121.21418544156964
24.306467030103423,0,69.52003905532034
39.010538045877965,0,86.60325072431607
0,0,1.3847109612815274
52.90682144164106,1,189.53176275627106
62.147904289022065,1,130.47649755907239
44.19636162732653,0,123.99470685584828
0,0,43.737399903715655
57.044999976490274,1,132.65132790559113
0,0,19.936252690518536
36.0331131386139,0,66.21972920351374
65.69360897322238,1,171.15130044103074
77.77928930882803,1,168.29012739425582
70.8571528321149,1,149.20801739678504
19.593792213758014,0,62.927965482704444
49.00335715544407,0,124.17997559093206
53.297158864544244,1,91.34801452336242
79.98561169981565,1,213.12007674269523
12.210163653968245,0,32.40120605213732
59.24595550990014,1,125.40675966621323
11.997856288048538,0,44.12158623125628
5.586297588863623,0,1.0602426213614677
73.42048963456912,1,193.34803647180905
52.22468285583075,1,148.090358996056
62.61088433735812,1,148.22520139845292
56.38279413683091,1,149.02580232923802
13.418553269054875,0,85.50175022012343
51.083879322010816,1,146.28544428568046
63.140825421376626,1,197.0523291251495
35.031971458303964,0,79.34788359446739
4.448370105469529,0,11.082305063308151
35.881813032203524,0,59.475273202673336
12.972684815529114,0,48.837641525064235
16.934816858439504,0,55.47445873317853
14.982287024585887,0,65.20460070841673
66.0939937621726,1,155.82959278282027
35.687199877427275,0,63.011815128580736
23.97846028941622,0,53.02476656017212
83.09581387561887,1,164.21100259813855
52.56568525494181,1,136.57225657417982
54.50281512125664,1,163.22423684259908
32.28849975317716,0,83.42529063276253
59.95974337732234,1,171.25786787139057
51.24571169589249,1,154.3946446159004
44.8834674093707,0,94.7458426626438
38.02568187341747,0,70.32587115222499
53.205007452386745,1,145.0914581041952
68.39638953507563,1,190.38829160388644
47.749372739527296,0,106.64879891576047
46.24614274355902,0,95.07250376528853
30.215536466977884,0,63.02152759766723
25.692793177030584,0,54.75508078379358
65.15141887367203,1,179.22084780096543
67.38480538318134,1,161.96711567888437
48.383332659500866,0,89.36984994302584
52.80515744297638,1,134.95406285809278
41.421641494734935,0,114.3302397543364
47.96701334197926,0,58.211872176745345
51.73998584793381,1,161.45086966407163
0,0,35.55215285163948
63.49475921191737,1,146.58717600092854
43.79888232156426,0,88.51657202147264
83.7043126777566,1,195.8375359549945
85.68136462340348,1,180.39449030476433
59.64808163320825,1,159.7549257312648
0,0,32.591217458134544
23.090037336146757,0,57.50585498076389
53.52702461816468,1,134.48915656320273
17.046265763927458,0,47.24802292404773
22.504102589129243,0,70.61111682075034
19.073753163659475,0,57.511941437988654
64.98387939079511,1,183.3098827460937
47.3559624376479,0,89.66592090897163
32.25540534981212,0,56.86707978088219
45.216617614633215,0,119.89896520670325
26.06109335238691,0,52.85922419821556
45.174650935817674,0,91.02661485248589
55.71619404759518,1,169.8690275760125
0,0,26.811579390396773
45.1299980659281,0,95.64374910445622
44.43317548701231,0,88.24391265648589
32.54942935800531,0,82.81486651716587
65.01022146342409,1,140.24535723687558
46.53036085157369,0,113.6417760038216
77.40256675078541,1,170.7470154907545
79.62180809694362,1,191.0680201354552
50.6545121127759,1,136.63735280652588
13.63592419306493,0,6.378775588985171
20.16959942663281,0,95.82262933746998
55.188085819545314,1,142.49769114783948
67.1416780356262,1,175.21257617495402
82.89412186778118,1,191.07813396756666
48.396122157541335,0,125.69124316733618
45.75329939723988,0,75.36969739368574
16.4289956852748,0,39.45423058516784
72.3985405971087,1,134.8470364527378
37.61880454369951,0,46.009756271232064
9.156665352025186,0,43.38575583785617
41.6526911227928,0,105.52698285030493
50.11434577244605,1,161.33627491331947
55.95921920419495,1,143.72238158916147
57.1932040272876,1,145.31925348106432
67.87859661952209,1,171.75806114387947
26.19416015452924,0,71.9555347401644
61.62147744579509,1,147.2333482437969
30.76308094392374,0,108.29985398883363
65.54643092806862,1,168.13438985214322
63.394507838233736,1,144.4003048296135
63.20688545995,1,174.96098891065313
61.95179367557539,1,173.56558810588535
37.04473385118736,0,104.50484506319305
59.1519839002792,1,153.93939055086764
42.52042023117801,0,126.91584107214311
27.355488883148602,0,42.35579709247201
72.96886191837892,1,194.11555662735122
66.66378250069266,1,147.61626288723704
86.04982645903003,1,200.6973367530038
94.90776330545006,1,200.91377300914527
46.4046379066123,0,97.22624834941902
35.979309901874444,0,100.65983462731224
0,0,49.8956519766927
48.96179872614737,0,65.82198056317549
35.67333518034765,0,38.86818148470852
61.542283087931565,1,173.19538986962218
16.616614018120295,0,58.62747966916901
40.40696494776648,0,83.99318913492152
49.70616382112834,0,119.91355929081757
57.459376020620496,1,139.04305647019328
28.628603796562683,0,75.44525669420668
50.824637931560325,1,128.51277018583625
49.84327328417799,0,113.14129962683516
98.81903932484192,1,208.40179376488342
45.47377690110503,0,67.3659000449926
16.20878845930315,0,45.86264540205727
44.99060798820689,0,80.00305344102905
18.929922605543926,0,66.26524310791328
39.30190588684765,0,102.83308756910606
36.641521788219606,0,82.30303296137735
64.48782502886434,1,164.04928758219646
32.508014154132766,0,72.63623273961176
47.99118419805471,0,92.62334868539507
29.122457145678105,0,79.43376871316595
96.93222241372197,1,234.63322567476337
18.375352791480083,0,36.13089075882999
26.925323519756546,0,73.7687450816688
63.29892567407676,1,154.60509799019005
40.44805869628448,0,101.55255509755453
71.19683512069814,1,168.1511352469385
49.833510343547815,0,68.40805266934153
64.84386614990882,1,150.1718029490355
53.852707614569034,1,188.48951473951024
69.90474030011245,1,163.68697474311745
48.05810759502439,0,74.82786712691893
87.06329689959799,1,217.01583485517844
16.43236907925221,0,60.31920651407456
36.34733176448718,0,83.418141676936
31.9558455931322,0,90.50528697840477
38.40462064516272,0,90.58213736510521
53.83643320299684,1,154.7562335142037
11.412112164550358,0,34.03161406145786
18.810481766210437,0,29.77803475159233
26.55332741742436,0,23.577067789846538
42.475789357420716,0,91.74574859131421
83.40104526425434,1,190.77566294691965
83.23779129260654,1,191.63902969375582
54.09326265079003,1,131.1585382309819
32.03317358429849,0,55.35198505328872
84.5659008465311,1,152.40347831936947
22.95001552305585,0,71.51132717984117
18.39149641253793,0,46.665206450516834
48.6170875703306,0,123.36131712214902
78.40420657663458,1,184.72540025247793
26.093965332145004,0,28.86373307662528
24.7729063076361,0,75.08163251320624
84.23378576215043,1,227.69350378045667
48.68417251308587,0,76.56885334501223
32.224137356979156,0,44.48998909737575
47.67166637135458,0,96.8746551384562
43.724314793718634,0,90.16955067826483
58.593184043690535,1,137.06741605239657
83.54725016517907,1,178.9146797685856
30.84953507833193,0,53.810486660168735
50.30776807137453,1,156.0850470000339
42.875057691917824,0,114.52248570467385
47.70441960054811,0,79.79255269433273
67.03956117223676,1,154.14052967524614
96.59183258170292,1,202.27705257872603
49.75382096581598,0,112.42349100556464
31.162007254820097,0,110.24224834058795
95.93976106292789,1,211.1554920065835
45.08607016094917,0,85.89212678019379
93.0344393217274,1,182.69950325961213
39.018822162879154,0,107.22074570144915
55.1850946001231,1,152.99313461542644
46.604376462592455,0,65.25931616258116
18.80321572057927,0,28.296174522121127
48.335144583805274,0,84.66394138899554
51.84491309241624,1,129.95910992379314
76.16445388828181,1,170.1362361970153
75.65669996131662,1,192.70972790103934
54.560898757816155,1,156.13006470409718
17.927159717887875,0,25.900976138614098
35.24736838911814,0,90.04862273559432
47.936584651285884,0,98.10758070445233
0,0,31.560312960693672
85.35192456848789,1,180.0108076502184
40.71503607838659,0,88.09284035232902
31.79365760143074,0,43.18087307275895
32.363270693534986,0,80.17048047316405
9.692363976567101,0,47.348051283131234
54.56126031868527,1,188.96278922116022
72.18451332060295,1,184.3457467235431
31.224675871727694,0,90.91965379995136
0.8699028578557204,0,32.86184317777183
12.040021206780352,0,39.56736283467655
23.64782752894851,0,65.44040439528811
27.049428684107752,0,80.30877320647795
99.84722729929229,1,227.59925392770467
41.37699548677821,0,59.23280329619369
27.95540078180027,0,72.20937117036111
15.506750781568343,0,18.07772446153562
55.53793219232726,1,177.20280939685486
81.03144242459892,1,196.3316849742818
98.08483218692648,1,229.08478031645978
19.84606178715433,0,39.990277052259806
73.84883022626158,1,179.46273833444087
34.93365098175819,0,97.47648800048799
50.52246702803205,1,116.07276923764731
72.61008300607764,1,191.3767836049755
48.927207981876805,0,98.16441180465492
44.52064578975222,0,113.20403613095539
28.50182094890037,0,74.34574050033251
63.86175097825095,1,158.53625655739714
61.750259465502,1,188.82561210982374
66.06110321621459,1,160.58097378495142
40.42828980752459,0,81.75892531719771
9.038913738670274,0,1.8852653601984102
94.65272272744505,1,214.64643178546848
49.76917941809969,0,138.6700121845997
82.74035934590316,1,183.40226123991462
46.45028922317814,0,100.45606525600707
31.212794729610753,0,48.067121334675775
15.284342825919303,0,28.262665165830533
29.50297566757939,0,57.76450806244604
48.4560700527809,0,103.94909804881148
37.62246670303555,0,86.88991646706151
71.17461940704467,1,179.8168529440223
54.47656151940032,1,157.96269969739893
27.068969087235217,0,58.903535102572604
46.769075151865806,0,98.81574528057197
33.32415288015221,0,98.31720519463117
35.34797373562921,0,82.80903045124971
36.122724231423085,0,77.15461928748115
80.68639362245658,1,171.38288481671648
59.689736580718915,1,144.8940909640547
70.64966192809938,1,197.28848977125426
79.69743801535697,1,200.73642500648037
85.65369445700787,1,156.75000444726055
62.030018521168394,1,166.78443513614403
34.75686337903839,0,71.34610088626162
18.160968590448974,0,74.33793805642769
0,0,28.471640734259008
64.33615403295744,1,152.02750480656618
37.466550501825196,0,43.7099620729146
10.889714384544433,0,33.72803917759682
46.02241295298442,0,99.14005030463089
69.24834197731639,1,166.53590175741027
81.73603049796482,1,186.65024028674017
51.39252637819405,1,111.04240006842572
58.8363226116826,1,191.572009758935
42.82901950891063,0,72.14581227388511
27.217892029000527,0,83.25877101455609
64.72140274532148,1,164.24602227195481
85.21556122673368,1,198.87196484667174
30.64266736556299,0,37.26230692575669
51.01855297986654,1,152.38664547875948
36.504403479300386,0,80.22374118644758
73.89672955896381,1,149.98458574197258
60.34236497539094,1,161.41759595323657
50.120367870168494,1,136.54284263066234
51.31764586812427,1,152.9076901734609
87.84280134810695,1,198.53004095404563
55.794034644610704,1,140.9898330787494
67.8544814045319,1,214.60162744899736
49.070263647942554,0,110.44934417703098
41.56492282052932,0,117.71806062853054
85.6802398130612,1,210.62966841943484
20.396453751318976,0,53.15250289047029
49.17388251977514,0,105.64981460848965
56.21524968999499,1,169.12036034428243
18.88538923376279,0,33.08528705648915
72.03755540499026,1,174.96157230412985
36.35396506043543,0,85.21794280908989
39.029765777508906,0,115.66427318467817
46.69644444479107,0,114.33015726994465
11.17981982445201,0,34.74265901386145
28.584238254749945,0,66.20496603154994
32.072195716368086,0,66.2001595396081
64.246168925043,1,194.1045166493252
67.08001533777485,1,184.3628492895827
9.127515758425112,0,40.38776689144664
47.14991031536787,0,92.60773558362406
76.29091896595168,1,165.39509082983574
45.82246596652446,0,70.597120538616565
74.32778482371253,1,181.49559312615284
50.97105755403975,1,159.53862725460684
51.98266674245206,1,133.89571839064976
46.67200760895302,0,96.63346408415948
31.223938903090747,0,66.92220816819952
31.939625236946913,0,97.87870707868376
70.32940914916605,1,126.93392943386938
59.58992651722417,1,183.9133180711077
24.405896369094098,0,102.62156660637262
57.996388405402115,1,168.52136087259066
59.419773690693425,1,150.77235740038816
73.8062865070952,1,170.79305256616288
50.25079891005928,1,115.05265416791698
22.291717345369822,0,76.10059513054263
77.4026734509482,1,170.17429798256734
37.975957265225034,0,50.96967730865746
73.41839394807151,1,189.4362450860465
50.69414270451544,1,157.26532949213257
45.46172985939837,0,114.81538227835439
24.22254910051843,0,109.69234905498666
46.019929585795126,0,67.06987500247313
55.39205014427751,1,164.8684675144846
24.246333750819048,0,74.8041178016211
45.860868147948246,0,83.43895167207745
82.49734278686635,1,228.88359137538208
56.474053490918045,1,151.15986535752262
43.63776876378738,0,122.65830595716832
49.366293755357546,0,110.14481183417263
62.353075839576576,1,158.98229888752596
43.86000393376995,0,109.31955121463807
79.33645364113146,1,209.06375329413385
91.95637913607132,1,223.91423696004358
0.728121801512188,0,41.85824717253491
65.87492835098237,1,177.45559662364204
43.66303541683025,0,98.38355637373883
53.7995227989199,1,138.39772197274124
