state,year,fips,vmt,fatalityrate,sb_useage,speed65,speed70,drinkage21,ba08,income,age,primary,secondary
AK,1983,2,3358,0.04466944560408592,NA,0,0,1,0,17973,28.234966278076172,0,0
AK,1984,2,3589,0.037336304783821106,NA,0,0,1,0,18093,28.343542098999023,0,0
AK,1985,2,3840,0.03307291492819786,NA,0,0,1,0,18925,28.37281608581543,0,0
AK,1986,2,4008,0.02519960142672062,NA,0,0,1,0,18466,28.396652221679688,0,0
AK,1987,2,3900,0.019487179815769196,NA,0,0,1,0,18021,28.453250885009766,0,0
AK,1988,2,3841,0.025253839790821075,NA,0,0,1,0,18447,28.85141944885254,0,0
AK,1989,2,3887,0.021610496565699577,NA,0,0,1,0,19970,29.148954391479492,0,0
AK,1990,2,3979,0.02462930418550968,0.44999998807907104,0,0,1,0,21073,29.586284637451172,0,0
AK,1991,2,4021,0.025118129327893257,0.6600000262260437,0,0,1,0,21496,29.82771110534668,0,1
AK,1992,2,3841,0.028117677196860313,0.6600000262260437,1,0,1,0,22073,30.210697174072266,0,1
AK,1993,2,3918,0.03011740744113922,0.6899999976158142,1,0,1,0,22711,30.464385986328125,0,1
AK,1994,2,4150,0.020481927320361137,0.6899999976158142,1,0,1,0,23417,30.75657081604004,0,1
AK,1995,2,4123,0.02110113948583603,0.6899999976158142,1,0,1,0,23971,31.17859649658203,0,1
AK,1996,2,4115,0.01968408189713955,0.6899999976158142,1,0,1,0,24310,31.445354461669922,0,1
AK,1997,2,4387,0.017551857978105545,0.6899999976158142,1,0,1,0,24969,31.60147476196289,0,1
AL,1983,1,31032,0.02996906451880932,NA,0,0,0,0,9505,34.200645446777344,0,0
AL,1984,1,32961,0.02827584184706211,0.12999999523162842,0,0,0,0,10417,34.421630859375,0,0
AL,1985,1,35091,0.025134649127721786,0.17000000178813934,0,0,1,0,11133,34.602569580078125,0,0
AL,1986,1,34003,0.031791310757398605,0.28999999165534973,0,0,1,0,11736,34.76067352294922,0,0
AL,1987,1,37426,0.0296852458268404,0.20999999344348907,1,0,1,0,12394,34.955657958984375,0,0
AL,1988,1,39684,0.02580385096371174,0.28999999165534973,1,0,1,0,13288,35.13695526123047,0,0
AL,1989,1,40765,0.025242242962121964,0.3799999952316284,1,0,1,0,14266,35.327857971191406,0,0
AL,1990,1,42347,0.02647176943719387,0.4399999976158142,1,0,1,0,15213,35.6229248046875,0,0
AL,1991,1,42924,0.025999441742897034,0.4699999988079071,1,0,1,0,15895,35.68873596191406,0,0
AL,1992,1,45762,0.022529609501361847,0.5799999833106995,1,0,1,0,16817,35.832618713378906,0,1
AL,1993,1,47337,0.022054629400372505,0.550000011920929,1,0,1,0,17398,35.9482536315918,0,1
AL,1994,1,48956,0.022121906280517578,0.550000011920929,1,0,1,0,18163,36.092010498046875,0,1
AL,1995,1,50628,0.02200363390147686,0.5199999809265137,1,1,1,1,19041,36.205745697021484,0,1
AL,1996,1,51433,0.02228141389787197,0.5400000214576721,1,1,1,1,19838,36.3851318359375,0,1
AL,1997,1,53458,0.022297877818346024,0.5199999809265137,1,1,1,1,20672,36.5007209777832,0,1
AR,1983,5,16684,0.03338528051972389,NA,0,0,1,0,9267,35.42213821411133,0,0
AR,1984,5,16621,0.03158654645085335,NA,0,0,1,0,10263,35.56396484375,0,0
AR,1985,5,17112,0.031206171959638596,NA,0,0,1,0,10919,35.69191360473633,0,0
AR,1986,5,17555,0.03434918820858002,0.1979999989271164,0,0,1,0,11409,35.86726760864258,0,0
AR,1987,5,18306,0.03490658849477768,NA,1,0,1,0,11842,36.00813293457031,0,0
AR,1988,5,19219,0.03173942491412163,0.3009999990463257,1,0,1,0,12637,36.14386749267578,0,0
AR,1989,5,20414,0.03169393539428711,NA,1,0,1,0,13353,36.292083740234375,0,0
AR,1990,5,21011,0.028746847063302994,0.3400000035762787,1,0,1,0,14025,36.425682067871094,0,0
AR,1991,5,21934,0.027719521895051003,0.5199999809265137,1,0,1,0,14766,36.46631622314453,0,1
AR,1992,5,23081,0.025475500151515007,0.550000011920929,1,0,1,0,15807,36.505699157714844,0,1
AR,1993,5,23995,0.024296728894114494,0.550000011920929,1,0,1,0,16380,36.59257507324219,0,1
AR,1994,5,24948,0.024410774931311607,0.5099999904632568,1,0,1,0,17090,36.62239074707031,0,1
AR,1995,5,26653,0.023674633353948593,0.5099999904632568,1,0,1,0,17934,36.62849044799805,0,1
AR,1996,5,27840,0.022090516984462738,0.47999998927116394,1,0,1,0,18808,36.66523742675781,0,1
AR,1997,5,28144,0.02345082350075245,0.47999998927116394,1,0,1,0,19595,36.81757736206055,0,1
AZ,1983,4,19611,0.034419458359479904,NA,0,0,0,0,11277,34.114219665527344,0,0
AZ,1984,4,20613,0.0421578623354435,NA,0,0,1,0,12375,34.2470703125,0,0
AZ,1985,4,21580,0.04138090834021568,NA,0,0,1,0,13280,34.33135986328125,0,0
AZ,1986,4,22665,0.04442973807454109,NA,0,0,1,0,13980,34.475341796875,0,0
AZ,1987,4,31729,0.02959437668323517,NA,1,0,1,0,14631,34.543025970458984,0,0
AZ,1988,4,34247,0.027564458549022675,NA,1,0,1,0,15246,34.656131744384766,0,0
AZ,1989,4,34816,0.025247013196349144,NA,1,0,1,0,15919,34.70410919189453,0,0
AZ,1990,4,35456,0.0245092511177063,0.550000011920929,1,0,1,0,16608,34.885623931884766,0,0
AZ,1991,4,34929,0.023361677303910255,0.6499999761581421,1,0,1,0,16971,35.004905700683594,0,1
AZ,1992,4,35047,0.023083288222551346,0.7300000190734863,1,0,1,0,17583,35.192466735839844,0,1
AZ,1993,4,39150,0.020459769293665886,0.7300000190734863,1,0,1,0,18270,35.283260345458984,0,1
AZ,1994,4,38774,0.023314591497182846,0.6000000238418579,1,0,1,0,19127,35.495933532714844,0,1
AZ,1995,4,39653,0.026101429015398026,0.6000000238418579,1,1,1,0,20078,35.4948616027832,0,1
AZ,1996,4,42123,0.023597558960318565,0.5600000023841858,1,1,1,0,21071,35.552433013916016,0,1
AZ,1997,4,43491,0.02186659350991249,0.6299999952316284,1,1,1,0,21998,35.700435638427734,0,1
CA,1983,6,182652,0.025036681443452835,NA,0,0,1,0,14258,33.737457275390625,0,0
CA,1984,6,196537,0.02554226480424404,NA,0,0,1,0,15593,33.784427642822266,0,0
CA,1985,6,207600,0.023892100900411606,0.257999986410141,0,0,1,0,16523,33.80182647705078,0,0
CA,1986,6,214913,0.02444244921207428,0.45430001616477966,0,0,1,0,17255,33.81114196777344,0,1
CA,1987,6,226301,0.02432158961892128,0.48099997639656067,1,0,1,0,18175,33.82216262817383,0,1
CA,1988,6,241575,0.02232019044458866,0.5084999799728394,1,0,1,0,19263,33.80380630493164,0,1
CA,1989,6,251482,0.021520426496863365,0.5329999923706055,1,0,1,0,20226,33.75920867919922,0,1
CA,1990,6,258926,0.02005206048488617,0.5709999799728394,1,0,1,1,21363,33.83672332763672,0,1
CA,1991,6,257976,0.018172232434153557,0.5934999585151672,1,0,1,1,21491,33.798492431640625,0,1
CA,1992,6,262548,0.01596660353243351,0.6660000085830688,1,0,1,1,22191,33.89958190917969,0,1
CA,1993,6,266408,0.01563016138970852,0.8130000233650208,1,0,1,1,22430,33.982059478759766,0,1
CA,1994,6,271943,0.015562084503471851,0.8269999623298645,1,0,1,1,22953,34.05400466918945,0,1
CA,1995,6,276371,0.015168016776442528,0.8169999718666077,1,1,1,1,23983,34.177371978759766,0,1
CA,1996,6,278043,0.01434670202434063,0.8450000286102295,1,1,1,1,25142,34.29433059692383,0,1
CA,1997,6,285612,0.012912622652947903,0.8519999980926514,1,1,1,1,26314,34.48208999633789,0,1
CO,1983,8,24109,0.026794973760843277,NA,0,0,0,0,13460,32.60922622680664,0,0
CO,1984,8,24588,0.024727508425712585,NA,0,0,0,0,14597,32.79043960571289,0,0
CO,1985,8,26146,0.022144878283143044,NA,0,0,0,0,15224,32.945457458496094,0,0
CO,1986,8,26382,0.022856492549180984,NA,0,0,0,0,15571,33.11536407470703,0,0
CO,1987,8,26968,0.021914862096309662,NA,1,0,1,0,16147,33.291236877441406,0,1
CO,1988,8,27665,0.017964936792850494,NA,1,0,1,0,16985,33.52191925048828,0,1
CO,1989,8,27577,0.01911012828350067,NA,1,0,1,0,18110,33.773643493652344,0,1
CO,1990,8,27178,0.02001618966460228,0.5,1,0,1,0,19290,34.018829345703125,0,1
CO,1991,8,27744,0.019571799784898758,0.5099999904632568,1,0,1,0,20099,34.17677307128906,0,1
CO,1992,8,28927,0.018045425415039063,0.5,1,0,1,0,21005,34.346351623535156,0,1
CO,1993,8,32718,0.017085395753383636,0.5299999713897705,1,0,1,0,22117,34.55241012573242,0,1
CO,1994,8,33705,0.017386144027113914,0.5400000214576721,1,0,1,0,23019,34.784156799316406,0,1
CO,1995,8,35058,0.018398083746433258,0.5600000023841858,1,0,1,0,24304,34.989418029785156,0,1
CO,1996,8,36141,0.017072023823857307,0.5600000023841858,1,0,1,0,25627,35.19138717651367,0,1
CO,1997,8,37746,0.016240131109952927,0.5899999737739563,1,0,1,0,27015,35.31958770751953,0,1
CT,1983,9,20630,0.021231217309832573,NA,0,0,0,0,15620,36.03425216674805,0,0
CT,1984,9,21076,0.022252799943089485,NA,0,0,0,0,17360,36.19123840332031,0,0
CT,1985,9,22152,0.020223908126354218,NA,0,0,1,0,18531,36.30097961425781,0,0
CT,1986,9,24053,0.018916558474302292,NA,0,0,1,0,19815,36.355384826660156,1,0
CT,1987,9,26775,0.016769373789429665,NA,0,0,1,0,21588,36.45134735107422,1,0
CT,1988,9,26062,0.018571099266409874,NA,0,0,1,0,23699,36.501705169677734,1,0
CT,1989,9,26183,0.015506244264543056,NA,0,0,1,0,25407,36.574378967285156,1,0
CT,1990,9,26303,0.01463711354881525,0.5899999737739563,0,0,1,0,26453,36.77009582519531,1,0
CT,1991,9,26628,0.011641880497336388,0.6100000143051147,1,0,1,0,26721,36.820640563964844,1,0
CT,1992,9,26459,0.011187119409441948,0.7099999785423279,0,0,1,0,28345,36.97710037231445,1,0
CT,1993,9,27001,0.012666197493672371,0.7099999785423279,0,0,1,0,29232,37.06562042236328,1,0
CT,1994,9,27138,0.011423096992075443,0.7200000286102295,0,0,1,0,30310,37.16059112548828,1,0
CT,1995,9,28045,0.011303262785077095,0.7200000286102295,0,0,1,0,32073,37.27995681762695,1,0
CT,1996,9,28135,0.011018304154276848,0.6200000047683716,0,0,1,0,33979,37.42756652832031,1,0
CT,1997,9,28552,0.011873073875904083,0.6399999856948853,0,0,1,0,35863,37.547279357910156,1,0
DC,1983,11,3099,0.021297192201018333,NA,0,0,0,0,15267,35.723854064941406,0,0
DC,1984,11,3214,0.019912881776690483,NA,0,0,0,0,16620,35.83572769165039,0,0
DC,1985,11,3223,0.018616195768117905,NA,0,0,0,0,17531,35.887428283691406,0,0
DC,1986,11,3287,0.013386066071689129,NA,0,0,1,0,18335,35.89140701293945,0,1
DC,1987,11,3368,0.01573634147644043,NA,1,0,1,0,19566,35.97663879394531,0,1
DC,1988,11,3405,0.01791483163833618,NA,1,0,1,0,21782,36.04153823852539,0,1
DC,1989,11,3414,0.02108963020145893,NA,1,0,1,0,23438,36.11649703979492,0,1
DC,1990,11,3407,0.014088640920817852,0.49000000953674316,1,0,1,0,25646,36.91365432739258,0,1
DC,1991,11,3430,0.01836734637618065,0.49000000953674316,1,0,1,0,27028,36.86104965209961,0,1
DC,1992,11,3562,0.014037057757377625,0.5899999737739563,1,0,1,0,28597,37.041351318359375,0,1
DC,1993,11,3485,0.016355810686945915,0.6200000047683716,1,0,1,0,29912,37.230857849121094,0,1
DC,1994,11,3448,0.020011600106954575,0.6200000047683716,1,0,1,0,31212,37.42154312133789,0,1
DC,1995,11,3465,0.01673881709575653,0.6299999952316284,1,0,1,0,32398,37.650447845458984,0,1
DC,1996,11,3316,0.0186972264200449,0.5799999833106995,1,0,1,0,34213,38.0677490234375,0,1
DC,1997,11,3326,0.018039686605334282,0.6600000262260437,1,0,1,0,35704,38.37567138671875,0,1
DE,1983,10,4886,0.02251330390572548,NA,0,0,1,0,13159,34.2215461730957,0,0
DE,1984,10,5138,0.025301674380898476,NA,0,0,1,0,14291,34.42246627807617,0,0
DE,1985,10,5365,0.019384901970624924,NA,0,0,1,0,15451,34.565940856933594,0,0
DE,1986,10,5762,0.023602915927767754,NA,0,0,1,0,16257,34.70903015136719,0,0
DE,1987,10,6086,0.0239894837141037,NA,1,0,1,0,17423,34.91209030151367,0,0
DE,1988,10,6404,0.024984383955597878,NA,1,0,1,0,18878,35.06134796142578,0,0
DE,1989,10,6446,0.01799565553665161,NA,1,0,1,0,20563,35.174129486083984,0,0
DE,1990,10,6548,0.021075136959552765,0.44999998807907104,1,0,1,0,21590,35.42388916015625,0,0
DE,1991,10,6721,0.015176312997937202,0.5400000214576721,1,0,1,0,22241,35.491249084472656,0,0
DE,1992,10,6892,0.020313406363129616,0.699999988079071,1,0,1,0,23004,35.65156173706055,0,1
DE,1993,10,6895,0.015953589230775833,0.6299999952316284,1,0,1,0,23542,35.84437561035156,0,1
DE,1994,10,7025,0.01594305969774723,0.5899999737739563,1,0,1,0,24465,35.96849822998047,0,1
DE,1995,10,7515,0.016101131215691566,0.6299999952316284,1,0,1,0,25603,36.24026870727539,0,1
DE,1996,10,7666,0.015131750144064426,0.6200000047683716,1,0,1,0,27125,36.4600944519043,0,1
DE,1997,10,8007,0.01785937324166298,0.5899999737739563,1,0,1,0,28493,36.59891891479492,0,1
FL,1983,12,81776,0.03284582123160362,NA,0,0,0,0,12469,38.515419006347656,0,0
FL,1984,12,85475,0.03292190656065941,NA,0,0,0,0,13476,38.63661193847656,0,0
FL,1985,12,88056,0.032161351293325424,0.22299998998641968,0,0,1,0,14367,38.70985794067383,0,0
FL,1986,12,87273,0.03243844211101532,0.34450000524520874,0,0,1,0,15102,38.73518371582031,0,0
FL,1987,12,93819,0.030260395258665085,0.5515000224113464,1,0,1,0,16001,38.80276107788086,0,1
FL,1988,12,105319,0.02922549657523632,0.47099998593330383,1,0,1,0,17092,38.82339859008789,0,1
FL,1989,12,108877,0.027407074347138405,0.550000011920929,1,0,1,0,18405,38.87442398071289,0,1
FL,1990,12,109997,0.0262825358659029,0.5299999713897705,1,0,1,0,19127,38.69661331176758,0,1
FL,1991,12,113483,0.0217036921530962,0.5295000076293945,1,0,1,0,19451,38.76631164550781,0,1
FL,1992,12,114311,0.021231552585959435,0.5579999685287476,1,0,1,0,19910,38.835044860839844,0,1
FL,1993,12,120467,0.02188151143491268,0.6159999966621399,1,0,1,0,21080,38.86478042602539,0,1
FL,1994,12,121989,0.022026576101779938,0.6019999980926514,1,0,1,1,21761,38.92696762084961,0,1
FL,1995,12,127801,0.021948184818029404,0.5899999737739563,1,1,1,1,22676,38.998172760009766,0,1
FL,1996,12,130004,0.02117627114057541,0.6270000338554382,1,1,1,1,23834,39.10276794433594,0,1
FL,1997,12,134007,0.02078249678015709,0.6000000238418579,1,1,1,1,24799,39.16958236694336,0,1
GA,1983,13,48837,0.026537256315350533,NA,0,0,0,0,10742,32.933284759521484,0,0
GA,1984,13,50486,0.027928534895181656,NA,0,0,0,0,12028,33.10338592529297,0,0
GA,1985,13,53713,0.025338372215628624,NA,0,0,0,0,12928,33.20223617553711,0,0
GA,1986,13,56833,0.026920979842543602,NA,0,0,1,0,13768,33.30276870727539,0,0
GA,1987,13,60293,0.026520492509007454,0.1979999989271164,0,0,1,0,14562,33.43366241455078,0,0
GA,1988,13,62262,0.02656516060233116,0.27799999713897705,1,0,1,0,15591,33.50747299194336,0,1
GA,1989,13,75705,0.021557360887527466,0.3879999816417694,1,0,1,0,16466,33.58586502075195,0,1
GA,1990,13,72746,0.02147197164595127,0.4169999957084656,1,0,1,0,17385,33.85953140258789,0,1
GA,1991,13,73005,0.019026093184947968,0.4559999704360962,1,0,1,0,17930,33.961891174316406,0,1
GA,1992,13,77904,0.016879748553037643,0.460999995470047,1,0,1,0,18888,34.09487533569336,0,1
GA,1993,13,78426,0.01777471788227558,0.5720000267028809,1,0,1,0,19668,34.179443359375,0,1
GA,1994,13,82822,0.017205573618412018,0.5290000438690186,1,0,1,0,20632,34.30394744873047,0,1
GA,1995,13,85384,0.017427152022719383,0.5070000290870667,1,1,1,0,21696,34.415077209472656,0,1
GA,1996,13,89132,0.017647983506321907,0.6110000014305115,1,1,1,0,22900,34.52568435668945,0,1
GA,1997,13,93317,0.016899386420845985,0.6800000071525574,1,1,1,1,23882,34.63507843017578,0,1
HI,1983,15,5873,0.024008173495531082,NA,0,0,0,0,13028,32.7169303894043,0,0
HI,1984,15,6505,0.021214449778199196,NA,0,0,0,0,13740,32.9384651184082,0,0
HI,1985,15,6762,0.018633540719747543,0.33000001311302185,0,0,0,0,14494,33.160858154296875,0,0
HI,1986,15,6971,0.017214173451066017,0.7260000109672546,0,0,1,0,15325,33.480857849121094,1,0
HI,1987,15,7218,0.01925741136074066,0.6610000133514404,0,0,1,0,16262,33.816184997558594,1,0
HI,1988,15,7419,0.01994878053665161,0.6650000214576721,0,0,1,0,17815,34.10531234741211,1,0
HI,1989,15,7750,0.01922580599784851,0.7830000519752502,0,0,1,0,19395,34.371856689453125,1,0
HI,1990,15,8066,0.021943962201476097,0.8050000071525574,0,0,1,0,21529,34.87897491455078,1,0
HI,1991,15,8143,0.016578655689954758,0.8530000448226929,0,0,1,0,22171,34.97967529296875,1,0
HI,1992,15,8066,0.015993056818842888,0.8309999704360962,0,0,1,0,22906,35.17717361450195,1,0
HI,1993,15,8074,0.016596483066678047,0.8419999480247498,0,0,1,0,23638,35.34814453125,1,0
HI,1994,15,7935,0.015374921262264252,0.824999988079071,0,0,1,0,24090,35.526580810546875,1,0
HI,1995,15,7945,0.016362491995096207,0.7990000247955322,0,0,1,0,24848,35.7653923034668,1,0
HI,1996,15,8030,0.018430884927511215,0.800000011920929,0,0,1,0,25086,36.07123947143555,1,0
HI,1997,15,7947,0.016484208405017853,0.800000011920929,0,0,1,1,25598,36.396507263183594,1,0
IA,1983,19,19661,0.02614312618970871,NA,0,0,0,0,11218,35.41376876831055,0,0
IA,1984,19,20497,0.020490802824497223,NA,0,0,0,0,12460,35.60499954223633,0,0
IA,1985,19,20191,0.023475805297493935,0.18000000715255737,0,0,0,0,13042,35.81484603881836,0,0
IA,1986,19,20413,0.02160388045012951,0.4300000071525574,0,0,1,0,13688,36.08493423461914,1,0
IA,1987,19,20808,0.023596692830324173,0.5600000023841858,1,0,1,0,14511,36.37153244018555,1,0
IA,1988,19,21907,0.025425663217902184,0.550000011920929,1,0,1,0,14882,36.568565368652344,1,0
IA,1989,19,22571,0.02277258411049843,0.5899999737739563,1,0,1,0,16058,36.668819427490234,1,0
IA,1990,19,22993,0.020223546773195267,0.6100000143051147,1,0,1,0,16885,36.66960144042969,1,0
IA,1991,19,23020,0.021198958158493042,0.6800000071525574,1,0,1,0,17304,36.69196319580078,1,0
IA,1992,19,23926,0.0182646494358778,0.7099999785423279,1,0,1,0,18368,36.8526496887207,1,0
IA,1993,19,25118,0.018273748457431793,0.7300000190734863,1,0,1,0,18461,36.93944549560547,1,0
IA,1994,19,25737,0.018572483211755753,0.7300000190734863,1,0,1,0,19964,37.05332565307617,1,0
IA,1995,19,25987,0.02027937024831772,0.7599999904632568,1,0,1,0,20412,37.204322814941406,1,0
IA,1996,19,26880,0.01729910634458065,0.75,1,0,1,0,22032,37.29957580566406,1,0
IA,1997,19,27984,0.016723841428756714,0.75,1,0,1,0,23120,37.3758659362793,1,0
ID,1983,16,8287,0.031736455857753754,NA,0,0,0,0,10122,32.17271423339844,0,0
ID,1984,16,7768,0.031153449788689613,NA,0,0,0,0,10780,32.363319396972656,0,0
ID,1985,16,7710,0.03307392820715904,0.23499999940395355,0,0,0,0,11331,32.60077667236328,0,0
ID,1986,16,7781,0.03315769135951996,0.27000001072883606,0,0,0,0,11663,32.86223220825195,0,1
ID,1987,16,8119,0.03202364966273308,0.3199999928474426,1,0,1,0,12265,33.19096374511719,0,1
ID,1988,16,8127,0.031622983515262604,0.3400000035762787,1,0,1,0,13108,33.488563537597656,0,1
ID,1989,16,8422,0.028259320184588432,0.33000001311302185,1,0,1,0,14283,33.70093536376953,0,1
ID,1990,16,9849,0.024774089455604553,0.3499999940395355,1,0,1,0,15346,33.76304626464844,0,1
ID,1991,16,10318,0.025586353614926338,0.46000000834465027,1,0,1,0,15664,33.91727828979492,0,1
ID,1992,16,10764,0.022575251758098602,0.5299999713897705,1,0,1,0,16607,33.99413299560547,0,1
ID,1993,16,11481,0.020033098757267,0.5899999737739563,1,0,1,0,17699,34.041114807128906,0,1
ID,1994,16,11652,0.021455544978380203,0.5400000214576721,1,0,1,0,18186,34.06496047973633,0,1
ID,1995,16,12296,0.021307742223143578,0.5,1,1,1,0,18961,34.20653533935547,0,1
ID,1996,16,12961,0.019905870780348778,0.5,1,1,1,0,19741,34.35408401489258,0,1
ID,1997,16,12880,0.020108696073293686,0.49000000953674316,1,1,1,1,20392,34.50406265258789,0,1
IL,1983,17,67370,0.022651031613349915,NA,0,0,1,0,13180,34.36076736450195,0,0
IL,1984,17,69910,0.022128451615571976,NA,0,0,1,0,14547,34.469303131103516,0,0
IL,1985,17,70844,0.02165321074426174,0.1589999943971634,0,0,1,0,15322,34.60091781616211,0,0
IL,1986,17,74144,0.021525679156184196,0.3620000183582306,0,0,1,0,16106,34.71235656738281,0,1
IL,1987,17,75756,0.021833254024386406,0.37299999594688416,1,0,1,0,17066,34.87645721435547,0,1
IL,1988,17,78483,0.023406343534588814,0.39500001072883606,1,0,1,0,18212,35.033119201660156,0,1
IL,1989,17,81297,0.021501408889889717,0.4000000059604645,1,0,1,0,19427,35.15080261230469,0,1
IL,1990,17,83334,0.019067848101258278,0.47099998593330383,1,0,1,0,20494,35.420413970947266,0,1
IL,1991,17,85430,0.016949549317359924,0.5040000081062317,1,0,1,0,20966,35.4195442199707,0,1
IL,1992,17,87642,0.0157915148884058,0.6399999856948853,1,0,1,0,22209,35.51555252075195,0,1
IL,1993,17,89693,0.015519605949521065,0.6700000166893005,1,0,1,0,22895,35.59360885620117,0,1
IL,1994,17,92316,0.016833484172821045,0.6830000281333923,1,0,1,0,23956,35.62672805786133,0,1
IL,1995,17,94189,0.01683848351240158,0.6869999766349792,1,0,1,0,25135,35.671321868896484,0,1
IL,1996,17,96730,0.015269306488335133,0.6399999856948853,1,0,1,0,26393,35.7241096496582,0,1
IL,1997,17,99319,0.014065788127481937,0.6419999599456787,1,0,1,1,27688,35.78322219848633,0,1
IN,1983,18,39837,0.02550392784178257,NA,0,0,1,0,11001,34.07998275756836,0,0
IN,1984,18,41074,0.02252032980322838,NA,0,0,1,0,12199,34.29331588745117,0,0
IN,1985,18,40782,0.023883085697889328,NA,0,0,1,0,12844,34.491764068603516,0,0
IN,1986,18,40780,0.025453653186559677,0.19600000977516174,0,0,1,0,13513,34.69554901123047,0,0
IN,1987,18,44122,0.023910973221063614,0.367000013589859,1,0,1,0,14324,34.89601516723633,0,1
IN,1988,18,51124,0.02149675227701664,0.44099998474121094,1,0,1,0,15231,35.062870025634766,0,1
IN,1989,18,56192,0.017280040308833122,0.460999995470047,1,0,1,0,16296,35.15726852416992,0,1
IN,1990,18,53697,0.019535541534423828,0.4729999899864197,1,0,1,0,17167,35.44170379638672,0,1
IN,1991,18,54266,0.018833154812455177,0.5199999809265137,1,0,1,0,17624,35.497703552246094,0,1
IN,1992,18,57072,0.015787076205015182,0.5600000023841858,1,0,1,0,18763,35.6531867980957,0,1
IN,1993,18,60461,0.014902167953550816,0.5600000023841858,1,0,1,0,19649,35.76839828491211,0,1
IN,1994,18,62108,0.01563405618071556,0.5600000023841858,1,0,1,0,20734,35.834754943847656,0,1
IN,1995,18,64552,0.014871731400489807,0.6399999856948853,1,0,1,0,21427,35.93618392944336,0,1
IN,1996,18,66220,0.014859559014439583,0.6200000047683716,1,0,1,0,22234,36.06284713745117,0,1
IN,1997,18,68620,0.013625765219330788,0.6299999952316284,1,0,1,0,23202,36.10934066772461,0,1
KS,1983,20,18153,0.022640885785222054,NA,0,0,0,0,12273,34.97045135498047,0,0
KS,1984,20,18717,0.0272479560226202,NA,0,0,0,0,13421,35.08153533935547,0,0
KS,1985,20,19275,0.02521400712430477,0.0989999994635582,0,0,1,0,14121,35.14977264404297,0,0
KS,1986,20,19826,0.02521940879523754,0.23600000143051147,0,0,1,0,14703,35.29528045654297,0,1
KS,1987,20,20561,0.023880161345005035,0.4229999780654907,1,0,1,0,15327,35.36159133911133,0,1
KS,1988,20,21161,0.022825008258223534,0.4819999933242798,1,0,1,0,16040,35.44693374633789,0,1
KS,1989,20,21913,0.01953178457915783,0.5199999809265137,1,0,1,0,16802,35.47808074951172,0,1
KS,1990,20,22849,0.01943192258477211,0.578000009059906,1,0,1,0,17940,35.59708023071289,0,1
KS,1991,20,23186,0.01763995550572872,0.6349999904632568,1,0,1,0,18492,35.600467681884766,0,1
KS,1992,20,24163,0.016016222536563873,0.703000009059906,1,0,1,0,19447,35.71392059326172,0,1
KS,1993,20,24115,0.017748288810253143,0.699999988079071,1,0,1,1,20048,35.79610061645508,0,1
KS,1994,20,24678,0.017910689115524292,0.699999988079071,1,0,1,1,20638,35.86905288696289,0,1
KS,1995,20,25153,0.01757245697081089,0.5400000214576721,1,1,1,1,21481,36.015464782714844,0,1
KS,1996,20,25942,0.018888289108872414,0.5400000214576721,1,1,1,1,22707,36.13587951660156,0,1
KS,1997,20,26524,0.01817222125828266,0.5600000023841858,1,1,1,1,23972,36.162933349609375,0,1
KY,1983,21,26719,0.029117856174707413,0.05999999865889549,0,0,1,0,9696,34.016822814941406,0,0
KY,1984,21,27951,0.026975778862833977,0.07000000029802322,0,0,1,0,10838,34.19585418701172,0,0
KY,1985,21,28520,0.024964936077594757,0.09000000357627869,0,0,1,0,11278,34.39881134033203,0,0
KY,1986,21,29252,0.027519484981894493,0.12999999523162842,0,0,1,0,11715,34.62643814086914,0,0
KY,1987,21,30320,0.02783641219139099,0.20999999344348907,1,0,1,0,12441,34.87771224975586,0,0
KY,1988,21,31614,0.026507243514060974,NA,1,0,1,0,13187,35.128299713134766,0,0
KY,1989,21,32165,0.024001244455575943,0.25999999046325684,1,0,1,0,14204,35.33683776855469,0,0
KY,1990,21,33639,0.025238562375307083,0.3199999928474426,1,0,1,0,15085,35.5931396484375,0,0
KY,1991,21,35213,0.023457245901226997,0.38999998569488525,1,0,1,0,15719,35.66816329956055,0,0
KY,1992,21,38062,0.021412432193756104,0.4099999964237213,1,0,1,0,16677,35.791831970214844,0,0
KY,1993,21,39598,0.021996060386300087,0.41999998688697815,1,0,1,0,17207,35.91676330566406,0,0
KY,1994,21,39822,0.01953693851828575,0.5799999833106995,1,0,1,0,17872,35.99732971191406,0,1
KY,1995,21,41095,0.020659446716308594,0.5400000214576721,1,0,1,0,18601,36.15644836425781,0,1
KY,1996,21,42586,0.01977175660431385,0.550000011920929,1,0,1,0,19475,36.3198127746582,0,1
KY,1997,21,44762,0.019145704805850983,0.5400000214576721,1,0,1,0,20570,36.368167877197266,0,1
LA,1983,22,27573,0.0338374488055706,NA,0,0,0,0,10724,32.13996124267578,0,0
LA,1984,22,31588,0.030422944575548172,NA,0,0,0,0,11421,32.271053314208984,0,0
LA,1985,22,33365,0.027903491631150246,NA,0,0,0,0,11876,32.40501022338867,0,0
LA,1986,22,29861,0.031211279332637787,0.11999999731779099,0,0,0,0,11802,32.64546203613281,0,0
LA,1987,22,30599,0.02699434570968151,0.3499999940395355,1,0,1,0,12010,32.884273529052734,0,1
LA,1988,22,34682,0.026670895516872406,0.36000001430511475,1,0,1,0,12829,33.091407775878906,0,1
LA,1989,22,37914,0.023157672956585884,0.4099999964237213,1,0,1,0,13620,33.343727111816406,0,1
LA,1990,22,37667,0.025459950789809227,0.4300000071525574,1,0,1,0,14773,33.889320373535156,0,1
LA,1991,22,34710,0.024834342300891876,0.41999998688697815,1,0,1,0,15593,33.91446304321289,0,1
LA,1992,22,33853,0.026171978563070297,0.5,1,0,1,0,16381,34.04680633544922,0,1
LA,1993,22,36351,0.024153392761945724,0.47999998927116394,1,0,1,0,17133,34.21113586425781,0,1
LA,1994,22,37430,0.02252204157412052,0.5,1,0,1,0,18086,34.33135986328125,0,1
LA,1995,22,38647,0.023132454603910446,0.5899999737739563,1,0,1,0,18826,34.49893569946289,0,1
LA,1996,22,38095,0.02367764711380005,0.6299999952316284,1,0,1,0,19609,34.71261978149414,0,1
LA,1997,22,38840,0.023970134556293488,0.6700000166893005,1,0,1,0,20458,34.90412902832031,0,1
MA,1983,25,37541,0.017341040074825287,NA,0,0,0,0,14009,35.90611267089844,0,0
MA,1984,25,38540,0.01728074811398983,NA,0,0,0,0,15703,36.01557922363281,0,0
MA,1985,25,39696,0.018692059442400932,0.20000000298023224,0,0,1,0,16842,36.086280822753906,0,0
MA,1986,25,40745,0.01845625229179859,0.3499999940395355,0,0,1,0,18100,36.13642120361328,0,0
MA,1987,25,42305,0.016286490485072136,0.25999999046325684,0,0,1,0,19600,36.203147888183594,0,0
MA,1988,25,43334,0.01673051156103611,NA,0,0,1,0,21417,36.25172424316406,0,0
MA,1989,25,46214,0.015060371719300747,0.28999999165534973,0,0,1,0,22634,36.26585006713867,0,0
MA,1990,25,46130,0.013115109875798225,0.30000001192092896,0,0,1,0,23210,36.46202850341797,0,0
MA,1991,25,46537,0.01186152920126915,0.36000001430511475,1,0,1,0,23590,36.542503356933594,0,0
MA,1992,25,47348,0.010243305005133152,0.3400000035762787,1,0,1,0,24538,36.73239517211914,0,0
MA,1993,25,46684,0.010174792259931564,0.3400000035762787,1,0,1,0,25333,36.840694427490234,0,0
MA,1994,25,46990,0.009363694116473198,0.5199999809265137,1,0,1,0,26433,36.95366287231445,0,1
MA,1995,25,48053,0.009239797480404377,0.5299999713897705,1,0,1,0,28097,37.0994873046875,0,1
MA,1996,25,49956,0.00832732766866684,0.5400000214576721,1,0,1,0,29591,37.25540542602539,0,1
MA,1997,25,50468,0.008738210424780846,0.5299999713897705,1,0,1,0,31239,37.38256072998047,0,1
MD,1983,24,30618,0.02142530493438244,NA,0,0,1,0,13852,34.261844635009766,0,0
MD,1984,24,31702,0.020282631739974022,NA,0,0,1,0,15279,34.404266357421875,0,0
MD,1985,24,33337,0.021867593750357628,0.18000000715255737,0,0,1,0,16454,34.5446891784668,0,0
MD,1986,24,35208,0.022267665714025497,0.550000011920929,0,0,1,0,17461,34.63835525512695,0,1
MD,1987,24,36493,0.022305646911263466,0.5600000023841858,1,0,1,0,18665,34.72747802734375,0,1
MD,1988,24,37498,0.020827777683734894,0.5699999928474426,1,0,1,0,20079,34.75935745239258,0,1
MD,1989,24,38922,0.018652690574526787,0.6200000047683716,1,0,1,0,21469,34.82172393798828,0,1
MD,1990,24,40536,0.017441287636756897,0.6499999761581421,1,0,1,0,22482,35.064300537109375,0,1
MD,1991,24,41349,0.016783960163593292,0.6700000166893005,1,0,1,0,22877,35.12738037109375,0,1
MD,1992,24,41896,0.015729425475001335,0.6700000166893005,1,0,1,0,23548,35.292449951171875,0,1
MD,1993,24,43311,0.015377155505120754,0.699999988079071,1,0,1,0,24283,35.40979766845703,0,1
MD,1994,24,44165,0.014740179292857647,0.699999988079071,1,0,1,0,25329,35.55339813232422,0,1
MD,1995,24,44882,0.014950314536690712,0.699999988079071,1,0,1,0,26141,35.676387786865234,0,1
MD,1996,24,46187,0.01316387765109539,0.699999988079071,1,0,1,0,27298,35.892086029052734,0,1
MD,1997,24,46609,0.013109056279063225,0.7099999785423279,1,0,1,0,28674,35.99752426147461,0,1
ME,1983,23,7924,0.02826855145394802,NA,0,0,0,0,10431,35.138545989990234,0,0
ME,1984,23,9345,0.024826109409332275,NA,0,0,0,0,11500,35.317626953125,0,0
ME,1985,23,9277,0.022205455228686333,NA,0,0,1,0,12301,35.455265045166016,0,0
ME,1986,23,10022,0.021353023126721382,NA,0,0,1,0,13272,35.588226318359375,0,0
ME,1987,23,10766,0.021549321711063385,NA,1,0,1,0,14392,35.7355842590332,0,0
ME,1988,23,11401,0.022454170510172844,NA,1,0,1,1,15537,35.839988708496094,0,0
ME,1989,23,11739,0.016526110470294952,NA,1,0,1,1,16618,35.931434631347656,0,0
ME,1990,23,11871,0.0179428867995739,0.3499999940395355,1,0,1,1,17159,36.07067108154297,0,0
ME,1991,23,11849,0.017301037907600403,0.36000001430511475,1,0,1,1,17300,36.1796875,0,0
ME,1992,23,12151,0.01761171966791153,0.36000001430511475,1,0,1,1,18008,36.430030822753906,0,0
ME,1993,23,12182,0.015186340548098087,0.36000001430511475,1,0,1,1,18463,36.620628356933594,0,0
ME,1994,23,12469,0.015077391639351845,0.36000001430511475,1,0,1,1,19190,36.82917022705078,0,0
ME,1995,23,12589,0.01485423743724823,0.5,1,0,1,1,19995,37.07215881347656,0,0
ME,1996,23,12819,0.01318355556577444,0.5,1,0,1,1,20948,37.31929397583008,0,1
ME,1997,23,13245,0.014496035873889923,0.6100000143051147,1,0,1,1,21937,37.59043502807617,0,1
MI,1983,26,60855,0.021592309698462486,NA,0,0,1,0,12143,33.7369499206543,0,0
MI,1984,26,63470,0.024121632799506187,0.19499999284744263,0,0,1,0,13460,33.97589111328125,0,0
MI,1985,26,67402,0.02292216755449772,0.25999999046325684,0,0,1,0,14540,34.1678466796875,0,0
MI,1986,26,71981,0.02229754999279976,0.46299999952316284,0,0,1,0,15338,34.339111328125,0,1
MI,1987,26,75706,0.021160805597901344,0.4645000100135803,1,0,1,0,15899,34.51496124267578,0,1
MI,1988,26,77899,0.021925827488303185,0.47999998927116394,1,0,1,0,16950,34.65726089477539,0,1
MI,1989,26,79890,0.02051570825278759,0.46700000762939453,1,0,1,0,17987,34.77060317993164,0,1
MI,1990,26,81091,0.019373295828700066,0.5170000195503235,1,0,1,0,18699,34.96533203125,0,1
MI,1991,26,81935,0.01734301634132862,0.6399999856948853,1,0,1,0,19022,35.04848861694336,0,1
MI,1992,26,84219,0.015435947105288506,0.5540000200271606,1,0,1,0,19861,35.248104095458984,0,1
MI,1993,26,85686,0.01650211215019226,0.6399999856948853,1,0,1,0,20939,35.38850402832031,0,1
MI,1994,26,85183,0.01668173260986805,0.6359999775886536,1,0,1,0,22338,35.5583381652832,0,1
MI,1995,26,85703,0.01785235106945038,0.6559999585151672,1,0,1,0,23407,35.709930419921875,0,1
MI,1996,26,90215,0.016682369634509087,0.671999990940094,1,0,1,0,23996,35.875003814697266,0,1
MI,1997,26,91755,0.015759360045194626,0.6809999942779541,1,0,1,0,24956,35.9991340637207,0,1
MN,1983,27,31063,0.017866915091872215,NA,0,0,0,0,12310,34.212249755859375,0,0
MN,1984,27,31826,0.01828693598508835,NA,0,0,0,0,13975,34.375186920166016,0,0
MN,1985,27,32688,0.01860009878873825,0.20000000298023224,0,0,0,0,14756,34.493106842041016,0,0
MN,1986,27,33806,0.016890492290258408,0.33000001311302185,0,0,1,0,15526,34.6269416809082,0,1
MN,1987,27,35167,0.015070946887135506,0.3199999928474426,1,0,1,0,16479,34.765743255615234,0,1
MN,1988,27,36447,0.016791505739092827,0.4699999988079071,1,0,1,0,17115,34.83434295654297,0,1
MN,1989,27,37393,0.01615275628864765,0.4399999976158142,1,0,1,0,18404,34.89287567138672,0,1
MN,1990,27,38946,0.01453294325619936,0.4699999988079071,1,0,1,0,19348,35.00129699707031,0,1
MN,1991,27,39254,0.013527283445000648,0.5299999713897705,1,0,1,0,19845,35.072998046875,0,1
MN,1992,27,41162,0.014114960096776485,0.5099999904632568,1,0,1,0,21126,35.172637939453125,0,1
MN,1993,27,42214,0.012744586914777756,0.550000011920929,1,0,1,0,21488,35.28432083129883,0,1
MN,1994,27,43317,0.014913313090801239,0.5699999928474426,1,0,1,0,22802,35.402652740478516,0,1
MN,1995,27,44072,0.013546016067266464,0.6499999761581421,1,0,1,0,23736,35.54664993286133,0,1
MN,1996,27,44465,0.012954008765518665,0.6399999856948853,1,0,1,0,25235,35.689208984375,0,1
MN,1997,27,48350,0.01240951381623745,0.6499999761581421,1,0,1,0,26243,35.7766227722168,0,1
MO,1983,29,36543,0.024929534643888474,NA,0,0,1,0,11647,35.47117233276367,0,0
MO,1984,29,38535,0.02509406954050064,NA,0,0,1,0,12860,35.545345306396484,0,0
MO,1985,29,39284,0.023699216544628143,NA,0,0,1,0,13737,35.627445220947266,0,0
MO,1986,29,41571,0.027158355340361595,NA,0,0,1,0,14383,35.72843551635742,0,1
MO,1987,29,43379,0.02408999763429165,NA,1,0,1,0,15084,35.85145950317383,0,1
MO,1988,29,45573,0.024202927947044373,NA,1,0,1,0,15909,35.950199127197266,0,1
MO,1989,29,48087,0.021877015009522438,NA,1,0,1,0,16961,36.059513092041016,0,1
MO,1990,29,50883,0.02155926264822483,0.5400000214576721,1,0,1,0,17639,36.2020149230957,0,1
MO,1991,29,40982,0.02466936782002449,0.5400000214576721,1,0,1,0,18305,36.21760559082031,0,1
MO,1992,29,53254,0.018496263772249222,0.699999988079071,1,0,1,0,19120,36.301753997802734,0,1
MO,1993,29,54821,0.0172744020819664,0.699999988079071,1,0,1,0,19632,36.355167388916016,0,1
MO,1994,29,57288,0.019009215757250786,0.6800000071525574,1,0,1,0,20576,36.43617248535156,0,1
MO,1995,29,59347,0.018686706200242043,0.7099999785423279,1,1,1,0,21540,36.49969482421875,0,1
MO,1996,29,61162,0.018753474578261375,0.6200000047683716,1,1,1,0,22586,36.53993225097656,0,1
MO,1997,29,62980,0.01892664283514023,0.6200000047683716,1,1,1,0,23629,36.59480285644531,0,1
MS,1983,28,17802,0.040164027363061905,NA,0,0,0,0,8372,32.99811553955078,0,0
MS,1984,28,18442,0.03681813180446625,NA,0,0,0,0,9122,33.11408996582031,0,0
MS,1985,28,19130,0.03460533171892166,NA,0,0,0,0,9545,33.22182083129883,0,0
MS,1986,28,19226,0.04010194540023804,NA,0,0,1,0,9898,33.3931884765625,0,0
MS,1987,28,20173,0.03747583553195,NA,1,0,1,0,10484,33.64208221435547,0,0
MS,1988,28,22043,0.03275416046380997,NA,1,0,1,0,11236,33.888240814208984,0,0
MS,1989,28,22895,0.03175365924835205,NA,1,0,1,0,11996,34.10622024536133,0,0
MS,1990,28,24398,0.030740223824977875,0.23000000417232513,1,0,1,0,12706,34.456687927246094,0,1
MS,1991,28,24897,0.028678154572844505,0.3199999928474426,1,0,1,0,13376,34.47629165649414,0,1
MS,1992,28,26239,0.02919318526983261,0.23999999463558197,1,0,1,0,14163,34.51760482788086,0,1
MS,1993,28,26864,0.030263550579547882,0.25,1,0,1,0,14900,34.59160232543945,0,1
MS,1994,28,28548,0.027707720175385475,0.43299999833106995,1,0,1,0,15886,34.6653938293457,0,1
MS,1995,28,29559,0.029364999383687973,0.46000000834465027,1,1,1,0,16574,34.805084228515625,0,1
MS,1996,28,30562,0.02653622068464756,0.45990002155303955,1,1,1,0,17398,34.96229553222656,0,1
MS,1997,28,31519,0.027316857129335403,0.4822999835014343,1,1,1,0,18098,35.072879791259766,0,1
MT,1983,30,7181,0.03982732072472572,NA,0,0,0,0,10654,33.700462341308594,0,0
MT,1984,30,7386,0.03222312405705452,0.1679999977350235,0,0,0,0,11252,33.84919357299805,0,0
MT,1985,30,7572,0.029450608417391777,0.21700000762939453,0,0,0,0,11486,34.01177978515625,0,0
MT,1986,30,7737,0.028693292289972305,0.29499998688697815,0,0,0,0,12120,34.32669448852539,0,0
MT,1987,30,8074,0.02898191660642624,0.39650002121925354,1,0,1,0,12619,34.65987777709961,0,0
MT,1988,30,8138,0.024330303072929382,0.5945000052452087,1,0,1,0,12954,35.004417419433594,0,1
MT,1989,30,8250,0.021939393132925034,0.6179999709129333,1,0,1,0,14193,35.28573226928711,0,1
MT,1990,30,8332,0.025444071739912033,0.6259999871253967,1,0,1,0,15038,35.467140197753906,0,1
MT,1991,30,8314,0.024055808782577515,0.6444999575614929,1,0,1,0,15947,35.60186004638672,0,1
MT,1992,30,8525,0.02252199500799179,0.6802999973297119,1,0,1,0,16541,35.67782211303711,0,1
MT,1993,30,8707,0.022395772859454155,0.6919999718666077,1,0,1,0,17571,35.78073501586914,0,1
MT,1994,30,9116,0.02215884067118168,0.6958000063896179,1,0,1,0,17590,35.962188720703125,0,1
MT,1995,30,9399,0.022874774411320686,0.7008000016212463,1,0,1,0,18286,36.248687744140625,0,1
MT,1996,30,9446,0.021172983571887016,0.7080000042915344,1,0,1,0,18872,36.537803649902344,0,1
MT,1997,30,9392,0.028215503320097923,0.7255000472068787,1,0,1,0,19660,36.829769134521484,0,1
NC,1983,37,45038,0.027399085462093353,NA,0,0,0,0,10172,34.21530532836914,0,0
NC,1984,37,48182,0.030094226822257042,NA,0,0,0,0,11363,34.448936462402344,0,0
NC,1985,37,49923,0.029685715213418007,0.25999999046325684,0,0,0,0,12136,34.63479995727539,0,0
NC,1986,37,52866,0.031154239550232887,0.41999998688697815,0,0,1,0,12900,34.8187255859375,1,0
NC,1987,37,54600,0.029010988771915436,0.7799999713897705,1,0,1,0,13717,35.01980209350586,1,0
NC,1988,37,57943,0.02714736945927143,0.6299999952316284,1,0,1,0,14810,35.1805419921875,1,0
NC,1989,37,60877,0.02416347712278366,0.6100000143051147,1,0,1,0,15827,35.32870864868164,1,0
NC,1990,37,62707,0.022086847573518753,0.5799999833106995,1,0,1,0,16649,35.519168853759766,1,0
NC,1991,37,64883,0.02109951712191105,0.6100000143051147,1,0,1,0,17115,35.637451171875,1,0
NC,1992,37,67538,0.018730197101831436,0.6200000047683716,1,0,1,0,18230,35.76171112060547,1,0
NC,1993,37,69493,0.019987624138593674,0.6299999952316284,1,0,1,1,19137,35.87254333496094,1,0
NC,1994,37,71928,0.01989489421248436,0.7900000214576721,1,0,1,1,19920,35.97425079345703,1,0
NC,1995,37,76053,0.019039353355765343,0.800000011920929,1,0,1,1,20996,36.09945297241211,1,0
NC,1996,37,78935,0.018926965072751045,0.800000011920929,1,0,1,1,22053,36.20905685424805,1,0
NC,1997,37,81893,0.018108995631337166,0.8500000238418579,1,0,1,1,23168,36.275142669677734,1,0
ND,1983,38,5363,0.021629685536026955,NA,0,0,1,0,11100,33.7475700378418,0,0
ND,1984,38,5377,0.018597731366753578,NA,0,0,1,0,11871,33.84547424316406,0,0
ND,1985,38,5387,0.016706887632608414,NA,0,0,1,0,12314,34.033050537109375,0,0
ND,1986,38,5632,0.01775568164885044,NA,0,0,1,0,12625,34.291622161865234,0,0
ND,1987,38,5681,0.017778560519218445,NA,1,0,1,0,13037,34.55361557006836,0,0
ND,1988,38,5765,0.018039895221590996,NA,1,0,1,0,12142,34.890323638916016,0,0
ND,1989,38,5849,0.013848520815372467,NA,1,0,1,0,13669,35.1776008605957,0,1
ND,1990,38,5910,0.01895092986524105,0.2800000011920929,1,0,1,0,15264,35.62972640991211,0,0
ND,1991,38,5951,0.015795664861798286,0.30000001192092896,1,0,1,0,15479,35.69639205932617,0,0
ND,1992,38,6072,0.014492753893136978,0.30000001192092896,1,0,1,0,16866,35.86979293823242,0,0
ND,1993,38,6158,0.014452744275331497,0.30000001192092896,1,0,1,0,17040,36.00231170654297,0,0
ND,1994,38,6338,0.013884506188333035,0.3199999928474426,1,0,1,0,18156,36.14896011352539,0,0
ND,1995,38,6545,0.0113063408061862,0.41999998688697815,1,0,1,0,18149,36.34025955200195,0,1
ND,1996,38,6741,0.012609405443072319,0.4300000071525574,1,0,1,0,20197,36.55766677856445,0,1
ND,1997,38,7123,0.014740980230271816,0.49000000953674316,1,0,1,0,20103,36.718711853027344,0,1
NE,1983,31,11534,0.022108549252152443,0.10999999940395355,0,0,0,0,11401,34.857757568359375,0,0
NE,1984,31,11968,0.023813502863049507,0.15000000596046448,0,0,0,0,12658,34.960731506347656,0,0
NE,1985,31,12054,0.019661523401737213,0.44999998807907104,0,0,1,0,13392,35.07483673095703,0,0
NE,1986,31,12630,0.022961203008890152,0.3799999952316284,0,0,1,0,13875,35.2340087890625,0,0
NE,1987,31,13091,0.022687342017889023,0.28999999165534973,1,0,1,0,14634,35.414649963378906,0,0
NE,1988,31,13407,0.019467443227767944,0.3100000023841858,1,0,1,0,15511,35.548362731933594,0,0
NE,1989,31,13781,0.021478848531842232,0.3199999928474426,1,0,1,0,16371,35.62091827392578,0,0
NE,1990,31,13958,0.018770597875118256,0.33000001311302185,1,0,1,0,17536,35.682273864746094,0,0
NE,1991,31,14095,0.019510464742779732,0.3199999928474426,1,0,1,0,18012,35.69535446166992,0,0
NE,1992,31,14621,0.018398193642497063,0.33000001311302185,1,0,1,0,19157,35.825653076171875,0,0
NE,1993,31,14777,0.017188875004649162,0.5400000214576721,1,0,1,0,19714,35.901432037353516,0,1
NE,1994,31,15466,0.017522307112812996,0.6299999952316284,1,0,1,0,20365,35.9754638671875,0,1
NE,1995,31,15807,0.016068831086158752,0.6399999856948853,1,1,1,0,21029,36.08698272705078,0,1
NE,1996,31,16238,0.018044093623757362,0.6499999761581421,1,1,1,0,22847,36.173980712890625,0,1
NE,1997,31,17077,0.017684604972600937,0.6299999952316284,1,1,1,0,23618,36.224483489990234,0,1
NH,1983,33,7181,0.026597967371344566,NA,0,0,0,0,13011,34.503143310546875,0,0
NH,1984,33,7294,0.02632300555706024,NA,0,0,0,0,14518,34.63434600830078,0,0
NH,1985,33,7538,0.02533828653395176,NA,0,0,1,0,15842,34.74155807495117,0,0
NH,1986,33,7913,0.02173638343811035,0.2629999816417694,0,0,1,0,17033,34.747337341308594,0,0
NH,1987,33,9167,0.019526563584804535,0.2734000086784363,1,0,1,0,18362,34.79731369018555,0,0
NH,1988,33,9507,0.017460817471146584,0.3716000020503998,1,0,1,0,19733,34.74615478515625,0,0
NH,1989,33,9819,0.01904470846056938,0.5047000050544739,1,0,1,0,20559,34.73482894897461,0,0
NH,1990,33,9844,0.01605038531124592,0.5174000263214111,1,0,1,0,20728,34.96724319458008,0,0
NH,1991,33,9935,0.014494212344288826,0.4859999716281891,1,0,1,0,21390,35.072479248046875,0,0
NH,1992,33,10067,0.012118804268538952,0.4970000088214874,1,0,1,0,22234,35.24674987792969,0,0
NH,1993,33,10342,0.011699864640831947,0.5056999921798706,1,0,1,0,22710,35.41042709350586,0,0
NH,1994,33,10501,0.0113322539255023,0.5370000004768372,1,0,1,1,24119,35.568363189697266,0,0
NH,1995,33,10643,0.011087099090218544,0.5702999830245972,1,0,1,1,25313,35.772369384765625,0,0
NH,1996,33,10987,0.012196231633424759,0.5602999925613403,1,0,1,1,26418,35.975379943847656,0,0
NH,1997,33,11202,0.011158721521496773,0.5770000219345093,1,0,1,1,27766,36.13078689575195,0,0
NJ,1983,34,52217,0.01784859411418438,NA,0,0,1,0,15080,35.970645904541016,0,0
NJ,1984,34,52312,0.01762501895427704,0.18000000715255737,0,0,1,0,16680,36.09489059448242,0,0
NJ,1985,34,53108,0.018151691183447838,0.4000000059604645,0,0,1,0,17807,36.212738037109375,0,1
NJ,1986,34,55350,0.018771454691886902,0.3529999852180481,0,0,1,0,18900,36.2862434387207,0,1
NJ,1987,34,57071,0.017925040796399117,0.35099998116493225,0,0,1,0,20391,36.376068115234375,0,1
NJ,1988,34,58725,0.017896978184580803,0.414000004529953,0,0,1,0,22302,36.43306350708008,0,1
NJ,1989,34,59898,0.014875288121402264,0.44099998474121094,0,0,1,0,23751,36.482879638671875,0,1
NJ,1990,34,58923,0.015036572702229023,0.5040000081062317,0,0,1,0,24883,36.63530731201172,0,1
NJ,1991,34,59289,0.013206496834754944,0.5259999632835388,0,0,1,0,25328,36.66513442993164,0,1
NJ,1992,34,59410,0.012842955999076366,0.7130000591278076,0,0,1,0,26749,36.7508659362793,0,1
NJ,1993,34,59726,0.013210327364504337,0.6419999599456787,0,0,1,0,27457,36.794029235839844,0,1
NJ,1994,34,60466,0.012585585005581379,0.6100000143051147,0,0,1,0,28333,36.82069778442383,0,1
NJ,1995,34,61012,0.012686029076576233,0.6069999933242798,0,0,1,0,29568,36.885589599609375,0,1
NJ,1996,34,62334,0.013058683834969997,0.6029999852180481,0,0,1,0,30892,36.995052337646484,0,1
NJ,1997,34,63308,0.012241738848388195,0.6200000047683716,0,0,1,0,32356,37.10776901245117,0,1
NM,1983,35,11678,0.045470114797353745,NA,0,0,1,0,10072,31.993057250976562,0,0
NM,1984,35,12432,0.03997747600078583,NA,0,0,1,0,10861,32.15180587768555,0,0
NM,1985,35,13269,0.040319543331861496,NA,0,0,1,0,11592,32.350852966308594,0,0
NM,1986,35,13171,0.03788626566529274,NA,0,0,1,0,11820,32.55931854248047,1,0
NM,1987,35,15116,0.03757607936859131,NA,1,0,1,0,12257,32.77510452270508,1,0
NM,1988,35,15283,0.03186547011137009,NA,1,0,1,0,12865,32.950233459472656,1,0
NM,1989,35,15839,0.0339667908847332,NA,1,0,1,0,13619,33.18146896362305,1,0
NM,1990,35,16148,0.030901659280061722,0.5899999737739563,1,0,1,0,14480,33.48713302612305,1,0
NM,1991,35,16773,0.027961604297161102,0.6700000166893005,1,0,1,0,15069,33.59814453125,1,0
NM,1992,35,18452,0.024929547682404518,0.6600000262260437,1,0,1,0,15762,33.74028778076172,1,0
NM,1993,35,18945,0.022750066593289375,0.75,1,0,1,0,16559,33.79537582397461,1,0
NM,1994,35,20480,0.02182617224752903,0.7900000214576721,1,0,1,1,17150,33.95294189453125,1,0
NM,1995,35,21147,0.022934695705771446,0.8600000143051147,1,1,1,1,18029,34.132659912109375,1,0
NM,1996,35,21510,0.022547652944922447,0.8500000238418579,1,1,1,1,18634,34.373046875,1,0
NM,1997,35,21937,0.022063180804252625,0.8700000047683716,1,1,1,1,19298,34.53826141357422,1,0
NV,1983,32,6872,0.0368160642683506,NA,0,0,1,0,13151,33.610511779785156,0,0
NV,1984,32,7332,0.03396071866154671,NA,0,0,1,0,14100,33.935585021972656,0,0
NV,1985,32,7566,0.034232091158628464,NA,0,0,1,0,14920,34.16250228881836,0,0
NV,1986,32,7986,0.029176058247685432,0.20799998939037323,0,0,1,0,15635,34.38750076293945,0,0
NV,1987,32,8396,0.03120533563196659,0.3440000116825104,1,0,1,0,16422,34.550437927246094,0,1
NV,1988,32,8989,0.03181666508316994,0.3140000104904175,1,0,1,0,17688,34.64849090576172,0,1
NV,1989,32,9408,0.032738097012043,NA,1,0,1,0,19084,34.82478713989258,0,1
NV,1990,32,10215,0.03357807174324989,0.3799999952316284,1,0,1,0,20209,34.82133102416992,0,1
NV,1991,32,10510,0.028353948146104813,0.6380000114440918,1,0,1,0,20596,35.12126541137695,0,1
NV,1992,32,10897,0.023309167474508286,0.6330000162124634,1,0,1,0,21730,35.39176559448242,0,1
NV,1993,32,11624,0.022625602781772614,0.6990000009536743,1,0,1,0,22388,35.4687385559082,0,1
NV,1994,32,13019,0.02258238010108471,0.7069999575614929,1,0,1,0,23391,35.54737091064453,0,1
NV,1995,32,13974,0.02239874005317688,0.7099999785423279,1,1,1,0,24541,35.65464401245117,0,1
NV,1996,32,14158,0.024579742923378944,0.7009999752044678,1,1,1,0,25877,35.71118927001953,0,1
NV,1997,32,16309,0.021276595070958138,0.7009999752044678,1,1,1,0,26514,35.72541809082031,0,1
NY,1983,36,83783,0.02479023113846779,NA,0,0,0,0,14038,35.7384147644043,0,0
NY,1984,36,87268,0.02360544539988041,0.1599999964237213,0,0,0,0,15615,35.8126106262207,0,0
NY,1985,36,90518,0.022161338478326797,0.5149999856948853,0,0,1,0,16613,35.88108825683594,1,0
NY,1986,36,94716,0.022393260151147842,0.47999998927116394,0,0,1,0,17709,35.95085144042969,1,0
NY,1987,36,98002,0.023866860195994377,0.6399999856948853,0,0,1,0,18871,36.03765869140625,1,0
NY,1988,36,103692,0.021756740286946297,0.5899999737739563,0,0,1,0,20433,36.07807922363281,1,0
NY,1989,36,106059,0.021308893337845802,0.6000000238418579,0,0,1,0,21820,36.11017990112305,1,0
NY,1990,36,106902,0.020738620311021805,0.6299999952316284,0,0,1,0,23106,36.26568603515625,1,0
NY,1991,36,107661,0.018651137128472328,0.6700000166893005,0,0,1,0,23600,36.23966598510742,1,0
NY,1992,36,109881,0.016517870128154755,0.6899999976158142,0,0,1,0,24801,36.302555084228516,1,0
NY,1993,36,112240,0.015947967767715454,0.7200000286102295,0,0,1,0,25373,36.355712890625,1,0
NY,1994,36,112970,0.01485350076109171,0.7200000286102295,0,0,1,0,26242,36.416011810302734,1,0
NY,1995,36,115091,0.01458845566958189,0.7200000286102295,1,0,1,0,27587,36.525028228759766,1,0
NY,1996,36,118641,0.013418632559478283,0.7400000095367432,1,0,1,0,29015,36.64091491699219,1,0
NY,1997,36,120778,0.013677987270057201,0.7400000095367432,1,0,1,0,30250,36.78651809692383,1,0
OH,1983,39,73214,0.021607888862490654,0.12999999523162842,0,0,0,0,11850,34.55674362182617,0,0
OH,1984,39,74895,0.021977435797452927,0.15000000596046448,0,0,0,0,13077,34.71690368652344,0,0
OH,1985,39,75549,0.021787185221910477,0.1899999976158142,0,0,0,0,13843,34.89363479614258,0,0
OH,1986,39,81348,0.02056596428155899,0.49000000953674316,0,0,0,0,14458,35.07521057128906,0,1
OH,1987,39,79157,0.022385891526937485,0.4099999964237213,1,0,1,0,15156,35.264732360839844,0,1
OH,1988,39,81990,0.021319672465324402,0.38999998569488525,1,0,1,0,16187,35.40692901611328,0,1
OH,1989,39,84418,0.020990783348679543,0.4300000071525574,1,0,1,0,17203,35.524044036865234,0,1
OH,1990,39,86972,0.018833648413419724,0.4650000035762787,1,0,1,0,18116,35.7813835144043,0,1
OH,1991,39,93002,0.017591020092368126,0.5299999713897705,1,0,1,0,18589,35.834556579589844,0,1
OH,1992,39,95221,0.015112212859094143,0.5799999833106995,1,0,1,0,19482,35.96465301513672,0,1
OH,1993,39,96992,0.015238369815051556,0.6169999837875366,1,0,1,0,20228,36.09630584716797,0,1
OH,1994,39,98200,0.013951119966804981,0.6209999918937683,1,0,1,0,21237,36.20414352416992,0,1
OH,1995,39,100788,0.013493670150637627,0.6270000338554382,1,0,1,0,22217,36.35730743408203,0,1
OH,1996,39,103090,0.013493063859641552,0.6240000128746033,1,0,1,0,23054,36.49837875366211,0,1
OH,1997,39,103675,0.013889558613300323,0.6519999504089355,1,0,1,0,24163,36.58474349975586,0,1
OK,1983,40,29565,0.028682563453912735,NA,0,0,1,0,11517,34.350669860839844,0,0
OK,1984,40,30981,0.02572544477880001,NA,0,0,1,0,12378,34.449859619140625,0,0
OK,1985,40,31181,0.023860683664679527,NA,0,0,1,0,12894,34.574363708496094,0,0
OK,1986,40,30833,0.02263808250427246,0.16099999845027924,0,0,1,0,12918,34.766605377197266,0,0
OK,1987,40,31606,0.018888818100094795,0.351500004529953,1,0,1,0,13068,34.9586181640625,0,1
OK,1988,40,32388,0.019698653370141983,0.3199999928474426,1,0,1,0,13833,35.21892547607422,0,1
OK,1989,40,32836,0.019734438508749008,0.3050000071525574,1,0,1,0,14691,35.50052261352539,0,1
OK,1990,40,33081,0.019376682117581367,0.335999995470047,1,0,1,0,15613,35.69559097290039,0,1
OK,1991,40,34240,0.019042056053876877,0.3700000047683716,1,0,1,0,16100,35.74193572998047,0,1
OK,1992,40,35119,0.01745493896305561,0.44200000166893005,1,0,1,0,16832,35.83285140991211,0,1
OK,1993,40,35529,0.018885981291532516,0.4659999907016754,1,0,1,0,17419,35.91765594482422,0,1
OK,1994,40,36980,0.018577609211206436,0.44999998807907104,1,0,1,0,17984,36.003173828125,0,1
OK,1995,40,38489,0.017381589859724045,0.46400001645088196,1,1,1,0,18544,36.115291595458984,0,1
OK,1996,40,39427,0.01958049088716507,0.4749999940395355,1,1,1,0,19342,36.25350570678711,0,1
OK,1997,40,41400,0.020241545513272285,0.4740000069141388,1,1,1,0,20305,36.350486755371094,0,1
OR,1983,41,20557,0.026754876598715782,NA,0,0,1,1,11451,34.810848236083984,0,0
OR,1984,41,20943,0.027312228456139565,NA,0,0,1,1,12409,35.05971908569336,0,0
OR,1985,41,21458,0.026050889864563942,NA,0,0,1,1,13065,35.29336166381836,0,0
OR,1986,41,22741,0.027219559997320175,NA,0,0,1,1,13657,35.5423698425293,0,0
OR,1987,41,23332,0.026530086994171143,NA,1,0,1,1,14282,35.802467346191406,0,0
OR,1988,41,25204,0.026860816404223442,0.4699999988079071,1,0,1,1,15313,36.00640869140625,1,0
OR,1989,41,25820,0.024244772270321846,0.47999998927116394,1,0,1,1,16387,36.1144905090332,0,0
OR,1990,41,26738,0.02165457420051098,0.5,1,0,1,1,17423,35.99109649658203,0,0
OR,1991,41,25762,0.018709726631641388,0.699999988079071,1,0,1,1,17895,36.125911712646484,1,0
OR,1992,41,27926,0.01686600223183632,0.75,1,0,1,1,18678,36.27373123168945,1,0
OR,1993,41,28352,0.018446670845150948,0.800000011920929,1,0,1,1,19518,36.456241607666016,1,0
OR,1994,41,29453,0.01677248440682888,0.8100000023841858,1,0,1,1,20508,36.571067810058594,1,0
OR,1995,41,30034,0.019111674278974533,0.8299999833106995,1,0,1,1,21618,36.6995964050293,1,0
OR,1996,41,30319,0.01734885759651661,0.8299999833106995,1,0,1,1,22894,36.85195541381836,1,0
OR,1997,41,32268,0.016238998621702194,0.8500000238418579,1,0,1,1,23920,36.933082580566406,1,0
PA,1983,42,72302,0.02380293793976307,NA,0,0,1,0,12199,36.46725845336914,0,0
PA,1984,42,74297,0.023244544863700867,NA,0,0,1,0,13200,36.643226623535156,0,0
PA,1985,42,75428,0.023479344323277473,NA,0,0,1,0,14104,36.8259391784668,0,0
PA,1986,42,77636,0.0243958979845047,NA,0,0,1,0,14845,36.944305419921875,0,0
PA,1987,42,78626,0.025271538645029068,NA,0,0,1,0,15765,37.092525482177734,0,0
PA,1988,42,81238,0.023769663646817207,NA,0,0,1,0,16927,37.20209503173828,0,1
PA,1989,42,83855,0.022383876144886017,0.4950000047683716,0,0,1,0,18264,37.30454635620117,0,1
PA,1990,42,85708,0.019204741343855858,0.5309999585151672,0,0,1,0,19371,37.40252685546875,0,1
PA,1991,42,87282,0.019030269235372543,0.6040000319480896,0,0,1,0,19975,37.4460563659668,0,1
PA,1992,42,89200,0.017320627346634865,0.6299999952316284,0,0,1,0,20950,37.555503845214844,0,1
PA,1993,42,90706,0.016856657341122627,0.675000011920929,0,0,1,0,21635,37.652774810791016,0,1
PA,1994,42,92347,0.015604188665747643,0.7099999785423279,0,0,1,0,22343,37.75250244140625,0,1
PA,1995,42,94520,0.01565806195139885,0.7099999785423279,1,0,1,0,23268,37.89828872680664,0,1
PA,1996,42,96646,0.015199800953269005,0.6499999761581421,1,0,1,0,24533,38.0751838684082,0,1
PA,1997,42,98015,0.01588532328605652,0.6469999551773071,1,0,1,0,25670,38.19384765625,0,1
RI,1983,44,6014,0.01662786863744259,NA,0,0,0,0,12293,36.44820022583008,0,0
RI,1984,44,5300,0.014905660413205624,NA,0,0,1,0,13540,36.583187103271484,0,0
RI,1985,44,5823,0.01871887408196926,NA,0,0,1,0,14403,36.65830612182617,0,0
RI,1986,44,5429,0.02284030243754387,NA,0,0,1,0,15331,36.71141052246094,0,0
RI,1987,44,6003,0.01882392168045044,NA,0,0,1,0,16412,36.737632751464844,0,0
RI,1988,44,5853,0.021356569603085518,NA,0,0,1,0,17900,36.777923583984375,0,0
RI,1989,44,6740,0.014836795628070831,NA,0,0,1,0,19184,36.838565826416016,0,0
RI,1990,44,7024,0.011958997696638107,0.28999999165534973,0,0,1,0,19698,36.97349166870117,0,0
RI,1991,44,7152,0.01230425015091896,0.2800000011920929,0,0,1,0,19982,36.970943450927734,0,0
RI,1992,44,7676,0.010291818529367447,0.3199999928474426,0,0,1,0,20819,37.09748077392578,0,1
RI,1993,44,7227,0.010239380411803722,0.3199999928474426,0,0,1,0,21735,37.146175384521484,0,1
RI,1994,44,7095,0.008879492990672588,0.5799999833106995,0,0,1,0,22315,37.288841247558594,0,1
RI,1995,44,6896,0.010005800053477287,0.5799999833106995,1,0,1,0,23520,37.45344543457031,0,1
RI,1996,44,7120,0.009691011160612106,0.5799999833106995,1,0,1,0,24356,37.662132263183594,0,1
RI,1997,44,7071,0.010606703348457813,0.5799999833106995,1,0,1,0,25667,37.735755920410156,0,1
SC,1983,45,24977,0.033791087567806244,NA,0,0,0,0,9517,32.951904296875,0,0
SC,1984,45,25971,0.03527010977268219,NA,0,0,0,0,10518,33.17355728149414,0,0
SC,1985,45,26677,0.035648684948682785,0.12800000607967377,0,0,0,0,11206,33.428409576416016,0,0
SC,1986,45,28250,0.0374867245554924,NA,0,0,1,0,11774,33.602718353271484,0,0
SC,1987,45,30224,0.03593171015381813,NA,1,0,1,0,12522,33.842491149902344,0,0
SC,1988,45,31759,0.03246323764324188,NA,1,0,1,0,13468,34.04273223876953,0,0
SC,1989,45,32780,0.030384380370378494,NA,1,0,1,0,14180,34.217254638671875,0,0
SC,1990,45,34376,0.02847917191684246,0.49000000953674316,1,0,1,0,15427,34.60175323486328,0,1
SC,1991,45,34456,0.025830043479800224,0.4950000047683716,1,0,1,0,15710,34.72510528564453,0,1
SC,1992,45,35049,0.023024907335639,0.5400000214576721,1,0,1,0,16410,34.94806671142578,0,1
SC,1993,45,36125,0.023418685421347618,0.5870000123977661,1,0,1,0,17091,35.173851013183594,0,1
SC,1994,45,37245,0.02274130843579769,0.6399999856948853,1,0,1,0,17914,35.38048553466797,0,1
SC,1995,45,38724,0.022750748321413994,0.6399999856948853,1,0,1,0,18789,35.64163589477539,0,1
SC,1996,45,39756,0.0233926959335804,0.6100000143051147,1,0,1,0,19651,35.86225128173828,0,1
SC,1997,45,41333,0.0218469500541687,0.6100000143051147,1,0,1,0,20508,36.06740188598633,0,1
SD,1983,46,6317,0.027703024446964264,NA,0,0,0,0,9782,34.54646682739258,0,0
SD,1984,46,6401,0.022340258583426476,NA,0,0,0,0,11117,34.63225555419922,0,0
SD,1985,46,6277,0.020710529759526253,NA,0,0,0,0,11440,34.74251937866211,0,0
SD,1986,46,6238,0.021481243893504143,NA,0,0,0,0,12012,34.88389205932617,0,0
SD,1987,46,6209,0.021581575274467468,NA,1,0,1,0,12683,35.06383514404297,0,0
SD,1988,46,6634,0.022158576175570488,NA,1,0,1,0,13183,35.217529296875,0,0
SD,1989,46,6704,0.02267303131520748,0.25999999046325684,1,0,1,0,14038,35.3549690246582,0,0
SD,1990,46,6989,0.02189154364168644,0.25999999046325684,1,0,1,0,15488,35.47572326660156,0,0
SD,1991,46,6711,0.021308299154043198,0.33000001311302185,1,0,1,0,16014,35.49125289916992,0,0
SD,1992,46,7218,0.02230534702539444,0.41999998688697815,1,0,1,0,17055,35.45701599121094,0,0
SD,1993,46,7413,0.018885741010308266,0.25999999046325684,1,0,1,0,17600,35.541053771972656,0,0
SD,1994,46,7631,0.02018084190785885,0.4000000059604645,1,0,1,0,18568,35.67390823364258,0,0
SD,1995,46,7669,0.020602425560355186,0.4000000059604645,1,1,1,0,18724,35.827152252197266,0,1
SD,1996,46,7817,0.022387104108929634,0.4699999988079071,1,1,1,0,20450,36.047019958496094,0,1
SD,1997,46,7938,0.01864449493587017,0.5899999737739563,1,1,1,0,21076,36.145748138427734,0,1
TN,1983,47,36261,0.02859821915626526,NA,0,0,0,0,10005,34.625389099121094,0,0
TN,1984,47,36523,0.029981108382344246,NA,0,0,1,0,11123,34.82059860229492,0,0
TN,1985,47,36258,0.0303657129406929,NA,0,0,1,0,11872,35.039390563964844,0,0
TN,1986,47,39521,0.031122693791985512,NA,0,0,1,0,12624,35.22371292114258,0,1
TN,1987,47,42126,0.029601670801639557,NA,1,0,1,0,13483,35.417076110839844,0,1
TN,1988,47,44193,0.02864707075059414,NA,1,0,1,0,14482,35.517940521240234,0,1
TN,1989,47,45639,0.023839259520173073,NA,1,0,1,0,15438,35.65180587768555,0,1
TN,1990,47,46710,0.025198031216859818,0.4300000071525574,1,0,1,0,16309,35.85264587402344,0,1
TN,1991,47,47267,0.023547083139419556,0.5099999904632568,1,0,1,0,16976,35.93280792236328,0,1
TN,1992,47,49994,0.02306276746094227,0.5799999833106995,1,0,1,0,18256,36.033103942871094,0,1
TN,1993,47,52112,0.022451642900705338,0.5837000012397766,1,0,1,0,19139,36.103729248046875,0,1
TN,1994,47,54524,0.022265424951910973,0.6008999943733215,1,0,1,0,20088,36.17985534667969,0,1
TN,1995,47,56214,0.022396555170416832,0.6419000029563904,1,0,1,0,21109,36.299591064453125,0,1
TN,1996,47,58435,0.021203046664595604,0.6331000328063965,1,0,1,0,21800,36.45207977294922,0,1
TN,1997,47,60526,0.02023923583328724,0.6067000031471252,1,0,1,0,22699,36.59624099731445,0,1
TX,1983,48,131883,0.028987815603613853,NA,0,0,0,0,12206,32.34232711791992,0,0
TX,1984,48,137737,0.028401954099535942,NA,0,0,0,0,13227,32.4172248840332,0,0
TX,1985,48,143263,0.025673063471913338,NA,0,0,1,0,13980,32.48801040649414,0,0
TX,1986,48,148348,0.024044813588261604,NA,0,0,1,0,13972,32.540191650390625,1,0
TX,1987,48,151186,0.021562842652201653,NA,1,0,1,0,14267,32.671714782714844,1,0
TX,1988,48,156458,0.021679939702153206,NA,1,0,1,0,15118,32.81078338623047,1,0
TX,1989,48,159512,0.021126937121152878,NA,1,0,1,0,16110,33.02727508544922,1,0
TX,1990,48,162232,0.020033039152622223,0.6800000071525574,1,0,1,0,17290,33.235191345214844,1,0
TX,1991,48,158756,0.019388243556022644,0.6800000071525574,1,0,1,0,17985,33.33799362182617,1,0
TX,1992,48,163329,0.018729068338871002,0.6899999976158142,1,0,1,0,18886,33.46712112426758,1,0
TX,1993,48,167611,0.018155133351683617,0.6899999976158142,1,0,1,0,19606,33.554786682128906,1,0
TX,1994,48,178348,0.017869558185338974,0.7099999785423279,1,0,1,0,20312,33.635929107666016,1,0
TX,1995,48,181096,0.0175763126462698,0.7200000286102295,1,1,1,0,21320,33.757545471191406,1,0
TX,1996,48,185386,0.020184911787509918,0.7400000095367432,1,1,1,0,22345,33.84126663208008,1,0
TX,1997,48,198700,0.017679918557405472,0.75,1,1,1,0,23707,33.95248031616211,1,0
UT,1983,49,11221,0.025220569223165512,NA,0,0,1,1,9582,28.554277420043945,0,0
UT,1984,49,11661,0.02701312117278576,NA,0,0,1,1,10429,28.735719680786133,0,0
UT,1985,49,12037,0.025172384455800056,NA,0,0,1,1,11017,28.915109634399414,0,0
UT,1986,49,12100,0.025867769494652748,NA,0,0,1,1,11380,29.12306785583496,0,1
UT,1987,49,12679,0.023424560204148293,NA,1,0,1,1,11862,29.273216247558594,0,1
UT,1988,49,13263,0.02239312417805195,NA,1,0,1,1,12450,29.507108688354492,0,1
UT,1989,49,13915,0.02177506312727928,NA,1,0,1,1,13238,29.745262145996094,0,1
UT,1990,49,14646,0.018571624532341957,0.38999998569488525,1,0,1,1,14214,30.124149322509766,0,1
UT,1991,49,15391,0.017607692629098892,0.44999998807907104,1,0,1,1,14855,30.2485408782959,0,1
UT,1992,49,16307,0.01649598404765129,0.5,1,0,1,1,15561,30.431840896606445,0,1
UT,1993,49,17056,0.01776500977575779,0.5,1,0,1,1,16359,30.53959083557129,0,1
UT,1994,49,18078,0.0189733374863863,0.5299999713897705,1,0,1,1,17004,30.74268913269043,0,1
UT,1995,49,18781,0.01730472221970558,0.5600000023841858,1,1,1,1,18054,30.891895294189453,0,1
UT,1996,49,19539,0.01642868109047413,0.6000000238418579,1,1,1,1,19214,30.955337524414063,0,1
UT,1997,49,20444,0.017902562394738197,0.6299999952316284,1,1,1,1,20185,30.9970645904541,0,1
VA,1983,51,42299,0.02130074054002762,NA,0,0,0,0,12589,33.88288116455078,0,0
VA,1984,51,44527,0.022750241681933403,NA,0,0,0,0,13926,34.06587600708008,0,0
VA,1985,51,47928,0.020363878458738327,0.2750000059604645,0,0,0,0,14906,34.218238830566406,0,0
VA,1986,51,51726,0.02176854945719242,0.34700000286102295,0,0,1,0,15837,34.31181335449219,0,0
VA,1987,51,54834,0.018619833514094353,0.32499998807907104,0,0,1,0,16884,34.391475677490234,0,0
VA,1988,51,57453,0.018658729270100594,0.6309999823570251,1,0,1,0,18064,34.49995803833008,0,1
VA,1989,51,59337,0.0169203020632267,0.5270000100135803,1,0,1,0,19244,34.594581604003906,0,1
VA,1990,51,60178,0.01793014071881771,0.5440000295639038,1,0,1,0,20021,34.877532958984375,0,1
VA,1991,51,61099,0.015515802428126335,0.5759999752044678,1,0,1,0,20498,34.98414993286133,0,1
VA,1992,51,63447,0.013223635032773018,0.715999960899353,1,0,1,0,21280,35.15878677368164,0,1
VA,1993,51,64171,0.013697776012122631,0.7319999933242798,1,0,1,0,22133,35.333343505859375,0,1
VA,1994,51,67609,0.013755565509200096,0.718000054359436,1,0,1,1,23031,35.49961471557617,0,1
VA,1995,51,69811,0.012891951017081738,0.7019999623298645,1,0,1,1,23943,35.6693115234375,0,1
VA,1996,51,71302,0.012299795635044575,0.6959999799728394,1,0,1,1,24950,35.85574722290039,0,1
VA,1997,51,70320,0.013993173837661743,0.6710000038146973,1,0,1,1,26109,35.99414825439453,0,1
VT,1983,50,4151,0.022645145654678345,NA,0,0,0,0,10813,34.12300109863281,0,0
VT,1984,50,4403,0.025891438126564026,NA,0,0,0,0,11857,34.246212005615234,0,0
VT,1985,50,4688,0.024530716240406036,0.1810000091791153,0,0,0,0,12800,34.4029426574707,0,0
VT,1986,50,4778,0.022812891751527786,0.21799999475479126,0,0,1,0,13675,34.531951904296875,0,0
VT,1987,50,5039,0.023615796118974686,NA,1,0,1,0,14750,34.662261962890625,0,0
VT,1988,50,5553,0.02323068678379059,0.3020000159740448,1,0,1,0,15948,34.79411697387695,0,0
VT,1989,50,5765,0.020121421664953232,0.3579999804496765,1,0,1,0,17215,34.91524124145508,0,0
VT,1990,50,5838,0.015416238456964493,0.3930000066757202,1,0,1,1,17677,35.022464752197266,0,0
VT,1991,50,5870,0.018739352002739906,0.41499999165534973,1,0,1,1,17899,35.13504409790039,0,0
VT,1992,50,6019,0.015949493274092674,0.4659999907016754,1,0,1,1,18883,35.37164306640625,0,0
VT,1993,50,5976,0.018406961113214493,0.5379999876022339,1,0,1,1,19392,35.59476852416992,0,0
VT,1994,50,6152,0.012516254559159279,0.6759999990463257,1,0,1,1,20196,35.81753921508789,0,1
VT,1995,50,6206,0.017080245539546013,0.671999990940094,1,0,1,1,21246,36.10445785522461,0,1
VT,1996,50,6377,0.013799591921269894,0.6899999976158142,1,0,1,1,22179,36.43804931640625,0,1
VT,1997,50,6466,0.014846891164779663,0.7089999914169312,1,0,1,1,23017,36.76795959472656,0,1
WA,1983,53,36144,0.01931164227426052,NA,0,0,1,0,12925,34.068538665771484,0,0
WA,1984,53,34248,0.021782293915748596,NA,0,0,1,0,13745,34.26583480834961,0,0
WA,1985,53,34375,0.021643636748194695,NA,0,0,1,0,14432,34.38945388793945,0,0
WA,1986,53,35993,0.019531575962901115,0.36000001430511475,0,0,1,0,15243,34.54888153076172,0,0
WA,1987,53,38520,0.020249221473932266,0.5149999856948853,1,0,1,0,15939,34.68305587768555,0,1
WA,1988,53,41813,0.018606653437018394,0.5299999713897705,1,0,1,0,16884,34.781471252441406,0,1
WA,1989,53,43233,0.01806490495800972,0.550000011920929,1,0,1,0,18211,34.85494613647461,0,1
WA,1990,53,44695,0.018458440899848938,0.550000011920929,1,0,1,0,19605,34.81503677368164,0,1
WA,1991,53,46449,0.0146827707067132,0.675000011920929,1,0,1,0,20401,34.921939849853516,0,1
WA,1992,53,49386,0.013181873597204685,0.675000011920929,1,0,1,0,21436,35.035850524902344,0,1
WA,1993,53,46135,0.01432751677930355,0.7099999785423279,1,0,1,0,22024,35.181236267089844,0,1
WA,1994,53,47428,0.013494138605892658,0.7649999856948853,1,0,1,0,22687,35.32674789428711,0,1
WA,1995,53,49250,0.01325888279825449,0.800000011920929,1,1,1,0,23677,35.48202896118164,0,1
WA,1996,53,49405,0.014411496929824352,0.8399999737739563,1,1,1,0,24958,35.617698669433594,0,1
WA,1997,53,51044,0.013204294256865978,0.8199999928474426,1,1,1,0,26451,35.707069396972656,0,1
WI,1983,55,34106,0.02125725708901882,NA,0,0,0,0,11796,34.609046936035156,0,0
WI,1984,55,35367,0.023242006078362465,NA,0,0,0,0,12941,34.76298141479492,0,0
WI,1985,55,36679,0.02028408646583557,NA,0,0,0,0,13586,34.90692138671875,0,0
WI,1986,55,38428,0.01943895034492016,NA,0,0,1,0,14285,35.03377151489258,0,0
WI,1987,55,40196,0.019827842712402344,0.2629999816417694,1,0,1,0,15017,35.18515396118164,0,0
WI,1988,55,42458,0.019007017835974693,0.5590000152587891,1,0,1,0,15806,35.30464172363281,0,1
WI,1989,55,43086,0.01896207593381405,NA,1,0,1,0,16827,35.392642974853516,0,1
WI,1990,55,44277,0.017367932945489883,0.5199999809265137,1,0,1,0,17692,35.457740783691406,0,1
WI,1991,55,45458,0.01753266714513302,0.5799999833106995,1,0,1,0,18237,35.54236602783203,0,1
WI,1992,55,47628,0.013689426705241203,0.5899999737739563,1,0,1,0,19331,35.68453598022461,0,1
WI,1993,55,49167,0.014521935023367405,0.6399999856948853,1,0,1,0,20009,35.8394775390625,0,1
WI,1994,55,50273,0.014162671752274036,0.6399999856948853,1,0,1,0,21012,35.947288513183594,0,1
WI,1995,55,51396,0.014495291747152805,0.6399999856948853,1,0,1,0,21960,36.114864349365234,0,1
WI,1996,55,52782,0.014417793601751328,0.6100000143051147,1,0,1,0,22987,36.273738861083984,0,1
WI,1997,55,54404,0.01332622580230236,0.6200000047683716,1,0,1,0,24048,36.37247085571289,0,1
WV,1983,54,11696,0.03633720800280571,NA,0,0,0,0,9417,35.21595001220703,0,0
WV,1984,54,12671,0.03456712141633034,NA,0,0,0,0,10158,35.48919677734375,0,0
WV,1985,54,12664,0.03316487744450569,NA,0,0,0,0,10643,35.8087158203125,0,0
WV,1986,54,13181,0.0333813838660717,NA,0,0,1,0,11169,36.09379959106445,0,0
WV,1987,54,13742,0.03427448868751526,NA,1,0,1,0,11632,36.4361457824707,0,0
WV,1988,54,13884,0.033131662756204605,NA,1,0,1,0,12399,36.76451110839844,0,0
WV,1989,54,14940,0.03132530301809311,NA,1,0,1,0,13149,37.091209411621094,0,0
WV,1990,54,15418,0.031197302043437958,0.4300000071525574,1,0,1,0,14176,37.28147506713867,0,0
WV,1991,54,16026,0.025833021849393845,0.4300000071525574,1,0,1,0,14815,37.376548767089844,0,0
WV,1992,54,16478,0.025488529354333878,0.33000001311302185,1,0,1,0,15679,37.53059005737305,0,0
WV,1993,54,16778,0.02556919865310192,0.550000011920929,1,0,1,0,16306,37.673011779785156,0,1
WV,1994,54,17112,0.020804114639759064,0.5799999833106995,1,0,1,0,16948,37.831520080566406,0,1
WV,1995,54,17421,0.02164054848253727,0.5799999833106995,1,0,1,0,17441,37.97182083129883,0,1
WV,1996,54,17693,0.01966879516839981,0.5799999833106995,1,0,1,0,18116,38.209224700927734,0,1
WV,1997,54,18324,0.02079240418970585,0.5799999833106995,1,0,1,0,18724,38.43574523925781,0,1
WY,1983,56,5059,0.034196481108665466,NA,0,0,0,0,12352,31.140636444091797,0,0
WY,1984,56,5127,0.030622195452451706,NA,0,0,0,0,12983,31.433319091796875,0,0
WY,1985,56,5401,0.028142936527729034,NA,0,0,0,0,13669,31.74665069580078,0,0
WY,1986,56,5373,0.031267449259757996,NA,0,0,0,0,13455,32.004554748535156,0,0
WY,1987,56,5349,0.02411665767431259,NA,1,0,0,0,13582,32.39461898803711,0,0
WY,1988,56,5658,0.027394838631153107,NA,1,0,1,0,14317,32.882442474365234,0,0
WY,1989,56,5750,0.02208695560693741,NA,1,0,1,0,15535,33.30503463745117,0,1
WY,1990,56,5833,0.021429795771837234,0.25999999046325684,1,0,1,0,17174,33.54692077636719,0,1
WY,1991,56,5998,0.02034011296927929,0.6600000262260437,1,0,1,0,18348,33.712059020996094,0,1
WY,1992,56,6217,0.01898021623492241,0.6600000262260437,1,0,1,0,18704,33.96466827392578,0,1
WY,1993,56,6770,0.017725259065628052,0.6700000166893005,1,0,1,0,19535,34.21438217163086,0,1
WY,1994,56,6689,0.021527880802750587,0.699999988079071,1,0,1,0,19865,34.455780029296875,0,1
WY,1995,56,7044,0.024134015664458275,0.7099999785423279,1,1,1,0,20685,34.7666130065918,0,1
WY,1996,56,7360,0.019429348409175873,0.7200000286102295,1,1,1,0,21524,35.07434844970703,0,1
WY,1997,56,7576,0.018083421513438225,0.75,1,1,1,0,22596,35.3864631652832,0,1
